-- MySQL dump 10.13  Distrib 5.7.29, for Linux (x86_64)
--
-- Host: localhost    Database: starter_app
-- ------------------------------------------------------
-- Server version	5.7.29-0ubuntu0.18.04.1

/*!40101 SET @OLD_CHARACTER_SET_CLIENT=@@CHARACTER_SET_CLIENT */;
/*!40101 SET @OLD_CHARACTER_SET_RESULTS=@@CHARACTER_SET_RESULTS */;
/*!40101 SET @OLD_COLLATION_CONNECTION=@@COLLATION_CONNECTION */;
/*!40101 SET NAMES utf8 */;
/*!40103 SET @OLD_TIME_ZONE=@@TIME_ZONE */;
/*!40103 SET TIME_ZONE='+00:00' */;
/*!40014 SET @OLD_UNIQUE_CHECKS=@@UNIQUE_CHECKS, UNIQUE_CHECKS=0 */;
/*!40014 SET @OLD_FOREIGN_KEY_CHECKS=@@FOREIGN_KEY_CHECKS, FOREIGN_KEY_CHECKS=0 */;
/*!40101 SET @OLD_SQL_MODE=@@SQL_MODE, SQL_MODE='NO_AUTO_VALUE_ON_ZERO' */;
/*!40111 SET @OLD_SQL_NOTES=@@SQL_NOTES, SQL_NOTES=0 */;

--
-- Table structure for table `can_perform`
--

DROP TABLE IF EXISTS `can_perform`;
/*!40101 SET @saved_cs_client     = @@character_set_client */;
/*!40101 SET character_set_client = utf8 */;
CREATE TABLE `can_perform` (
  `id` int(11) NOT NULL AUTO_INCREMENT,
  `group_id` int(11) NOT NULL,
  `system_route_id` int(11) NOT NULL,
  `created_at` timestamp NULL DEFAULT NULL,
  `created_by` int(11) DEFAULT NULL,
  `updated_at` timestamp NULL DEFAULT NULL,
  `updated_by` int(11) DEFAULT NULL,
  `is_active` int(11) NOT NULL DEFAULT '1',
  PRIMARY KEY (`id`)
) ENGINE=InnoDB AUTO_INCREMENT=171 DEFAULT CHARSET=latin1;
/*!40101 SET character_set_client = @saved_cs_client */;

--
-- Dumping data for table `can_perform`
--

LOCK TABLES `can_perform` WRITE;
/*!40000 ALTER TABLE `can_perform` DISABLE KEYS */;
INSERT INTO `can_perform` VALUES (1,1,1,'2020-02-01 13:29:05',1,'2020-03-25 07:23:33',7,1),(2,1,2,'2020-02-01 13:29:10',1,'2020-03-28 10:25:48',7,1),(3,1,3,'2020-02-01 13:29:13',1,'2020-03-24 11:35:07',7,1),(4,1,4,'2020-02-01 13:29:15',1,'2020-03-24 11:35:07',7,1),(5,1,6,'2020-02-01 13:29:21',1,'2020-03-24 11:35:07',7,1),(6,1,7,'2020-02-01 13:29:23',1,'2020-03-24 11:35:07',7,1),(7,1,8,'2020-02-01 13:29:25',1,'2020-03-24 11:35:07',7,1),(8,1,9,'2020-02-01 13:29:28',1,'2020-03-24 11:35:07',7,1),(9,1,11,'2020-02-01 17:55:56',1,'2020-03-24 11:35:07',7,1),(10,1,12,'2020-02-01 17:56:03',1,'2020-03-24 11:35:07',7,1),(11,1,13,'2020-02-01 17:56:10',1,'2020-03-24 11:35:07',7,1),(12,1,14,'2020-02-01 17:56:18',1,'2020-03-24 11:35:07',7,1),(13,1,16,'2020-02-01 17:59:42',1,'2020-03-24 11:35:07',7,1),(14,1,17,'2020-02-01 17:59:55',1,'2020-03-24 11:35:07',7,1),(15,1,18,'2020-02-01 18:00:03',1,'2020-03-24 11:35:07',7,1),(16,1,19,'2020-02-01 18:00:09',1,'2020-03-24 11:35:08',7,1),(25,1,38,'2020-03-24 07:10:01',7,'2020-03-24 11:35:08',7,1),(26,1,39,'2020-03-24 07:10:02',7,'2020-03-24 11:35:08',7,1),(27,1,40,'2020-03-24 07:10:02',7,'2020-03-24 11:35:08',7,1),(32,1,51,'2020-03-24 07:10:09',7,'2020-03-24 11:35:09',7,1),(33,1,52,'2020-03-24 07:10:11',7,'2020-03-24 11:35:09',7,1),(34,1,53,'2020-03-24 07:10:11',7,'2020-03-24 11:35:09',7,1),(35,1,54,'2020-03-24 07:10:12',7,'2020-03-24 11:35:09',7,1),(36,1,56,'2020-03-24 07:10:13',7,'2020-03-24 11:35:09',7,1),(37,1,57,'2020-03-24 07:10:14',7,'2020-03-24 11:35:09',7,1),(38,1,58,'2020-03-24 07:10:15',7,'2020-03-24 11:35:09',7,1),(39,1,59,'2020-03-24 07:10:17',7,'2020-03-24 11:35:09',7,1),(40,1,60,'2020-03-24 07:10:18',7,'2020-03-24 11:35:09',7,1),(41,1,61,'2020-03-24 07:10:18',7,'2020-03-24 11:35:09',7,1),(42,1,62,'2020-03-24 07:10:19',7,'2020-03-24 11:35:09',7,1),(43,1,63,'2020-03-24 07:10:19',7,'2020-03-24 11:35:09',7,1),(44,1,64,'2020-03-24 07:10:20',7,'2020-03-24 11:35:09',7,1),(45,1,65,'2020-03-24 07:10:20',7,'2020-03-24 11:35:09',7,1),(46,1,66,'2020-03-24 07:10:21',7,'2020-03-24 11:35:09',7,1),(47,1,67,'2020-03-24 07:10:21',7,'2020-03-24 11:35:09',7,1),(48,1,68,'2020-03-24 07:10:23',7,'2020-03-24 11:35:09',7,1),(49,1,69,'2020-03-24 07:10:23',7,'2020-03-24 11:35:10',7,1),(50,1,70,'2020-03-24 07:10:24',7,'2020-03-24 11:35:10',7,1),(51,1,71,'2020-03-24 07:10:24',7,'2020-03-24 11:35:10',7,1),(52,1,72,'2020-03-24 07:10:25',7,'2020-03-24 11:35:10',7,1),(53,1,73,'2020-03-24 07:10:25',7,'2020-03-24 11:35:10',7,1),(54,1,74,'2020-03-24 07:10:26',7,'2020-03-24 11:35:10',7,1),(55,1,75,'2020-03-24 07:10:26',7,'2020-03-24 11:35:10',7,1),(56,1,76,'2020-03-24 07:10:27',7,'2020-03-24 11:35:10',7,1),(57,1,77,'2020-03-24 07:10:27',7,'2020-03-24 11:35:10',7,1),(58,1,78,'2020-03-24 07:10:28',7,'2020-03-24 11:35:10',7,1),(59,1,79,'2020-03-24 07:10:28',7,'2020-03-24 11:35:10',7,1),(60,1,80,'2020-03-24 07:10:29',7,'2020-03-24 11:35:10',7,1),(61,1,81,'2020-03-24 07:10:29',7,'2020-03-24 11:35:10',7,1),(62,1,82,'2020-03-24 07:10:30',7,'2020-03-24 11:35:10',7,1),(63,1,83,'2020-03-24 07:10:30',7,'2020-03-24 11:35:10',7,1),(64,1,84,'2020-03-24 07:10:31',7,'2020-03-24 11:35:10',7,1),(65,1,47,'2020-03-24 07:10:31',7,'2020-03-24 11:35:10',7,1),(66,1,48,'2020-03-24 07:10:32',7,'2020-03-24 11:35:10',7,1),(67,1,49,'2020-03-24 07:10:32',7,'2020-03-24 11:35:11',7,1),(68,1,50,'2020-03-24 07:10:33',7,'2020-03-24 11:35:11',7,1),(69,1,85,'2020-03-24 07:10:33',7,'2020-03-24 11:35:11',7,1),(70,1,86,'2020-03-24 07:10:33',7,'2020-03-24 11:35:11',7,1),(71,1,87,'2020-03-24 07:10:34',7,'2020-03-24 11:35:11',7,1),(72,1,88,'2020-03-24 07:10:34',7,'2020-03-24 11:35:11',7,1),(73,1,90,'2020-03-24 07:10:35',7,'2020-03-24 11:35:11',7,1),(74,1,91,'2020-03-24 07:10:35',7,'2020-03-24 11:35:11',7,1),(75,1,92,'2020-03-24 07:10:36',7,'2020-03-24 11:35:11',7,1),(76,1,94,'2020-03-24 07:10:36',7,'2020-03-24 11:35:11',7,1),(77,1,95,'2020-03-24 07:10:37',7,'2020-03-24 11:35:11',7,1),(78,1,96,'2020-03-24 07:10:37',7,'2020-03-24 11:35:11',7,1),(79,1,97,'2020-03-24 07:10:37',7,'2020-03-24 11:35:11',7,1),(80,1,99,'2020-03-24 07:10:38',7,'2020-03-24 11:35:11',7,1),(81,1,100,'2020-03-24 07:10:38',7,'2020-03-24 11:35:12',7,1),(82,1,101,'2020-03-24 07:10:39',7,'2020-03-24 11:35:12',7,1),(83,1,102,'2020-03-24 07:10:39',7,'2020-03-24 11:35:12',7,1),(90,1,111,'2020-03-24 07:10:42',7,'2020-03-24 11:35:12',7,1),(91,1,112,'2020-03-24 07:10:43',7,'2020-03-24 11:35:12',7,1),(92,1,113,'2020-03-24 07:10:43',7,'2020-03-24 11:35:12',7,1),(93,1,114,'2020-03-24 07:10:44',7,'2020-03-24 11:35:12',7,1),(119,1,145,'2020-03-24 07:10:59',7,'2020-03-24 11:35:14',7,1),(120,1,146,'2020-03-24 07:11:00',7,'2020-03-24 11:35:14',7,1),(121,1,147,'2020-03-24 07:11:00',7,'2020-03-24 11:35:14',7,1),(122,1,148,'2020-03-24 07:11:01',7,'2020-03-24 11:35:14',7,1),(123,1,150,'2020-03-24 07:11:04',7,'2020-03-24 11:35:14',7,1),(124,1,151,'2020-03-24 07:11:05',7,'2020-03-24 11:35:14',7,1),(125,1,157,'2020-03-24 07:11:09',7,'2020-03-24 11:35:14',7,1),(126,1,156,'2020-03-24 07:11:10',7,'2020-03-24 11:35:14',7,1),(127,1,155,'2020-03-24 07:11:11',7,'2020-03-24 11:35:14',7,1),(128,1,154,'2020-03-24 07:11:12',7,'2020-03-24 11:35:14',7,1),(129,1,159,'2020-03-24 07:11:15',7,'2020-03-24 11:35:14',7,1),(130,1,160,'2020-03-24 07:11:16',7,'2020-03-24 11:35:14',7,1),(131,1,161,'2020-03-24 07:11:19',7,'2020-03-24 11:35:14',7,1),(132,1,162,'2020-03-24 11:10:55',7,'2020-03-24 11:53:00',7,1),(133,3,162,'2020-03-24 11:21:46',7,'2020-03-24 11:38:31',7,1),(135,3,8,'2020-03-24 12:11:51',7,'2020-03-24 12:11:53',7,0),(137,1,163,'2020-03-25 07:24:24',7,NULL,NULL,1),(138,1,164,'2020-03-25 11:59:30',7,NULL,NULL,1),(140,1,165,'2020-03-26 12:36:16',7,NULL,NULL,1),(141,1,166,'2020-03-26 14:09:31',7,NULL,NULL,1),(143,3,150,'2020-03-26 16:00:30',7,NULL,NULL,1),(148,1,168,'2020-03-27 07:34:07',7,NULL,NULL,1),(149,5,162,'2020-03-27 08:05:20',7,NULL,NULL,1),(151,5,8,'2020-03-27 08:05:20',7,NULL,NULL,0),(153,5,150,'2020-03-27 08:05:20',7,NULL,NULL,1),(156,8,55,'2020-03-28 19:33:15',7,NULL,NULL,1),(157,1,15,'2020-03-28 19:38:07',7,'2020-03-28 19:38:21',7,0),(163,1,169,'2020-03-29 11:15:22',7,NULL,NULL,1),(164,1,170,'2020-03-29 11:44:37',7,NULL,NULL,1),(165,2,170,'2020-03-29 11:45:12',7,NULL,NULL,1),(166,4,170,'2020-03-29 11:45:23',7,NULL,NULL,1),(167,3,170,'2020-03-29 11:45:43',7,NULL,NULL,1),(169,1,171,'2020-04-03 08:54:29',7,NULL,NULL,1),(170,2,171,'2020-04-03 08:54:41',7,NULL,NULL,1);
/*!40000 ALTER TABLE `can_perform` ENABLE KEYS */;
UNLOCK TABLES;

--
-- Table structure for table `file`
--

DROP TABLE IF EXISTS `file`;
/*!40101 SET @saved_cs_client     = @@character_set_client */;
/*!40101 SET character_set_client = utf8 */;
CREATE TABLE `file` (
  `id` int(11) NOT NULL AUTO_INCREMENT,
  `file_type_id` int(11) NOT NULL,
  `file_type` varchar(64) NOT NULL,
  `name` varchar(128) NOT NULL,
  `ip_address` varchar(128) NOT NULL,
  `browser_description` varchar(512) NOT NULL,
  `is_active` int(11) NOT NULL DEFAULT '1',
  `created_at` timestamp NULL DEFAULT NULL,
  `created_by` int(11) DEFAULT NULL,
  `updated_at` timestamp NULL DEFAULT NULL,
  `updated_by` int(11) DEFAULT NULL,
  PRIMARY KEY (`id`)
) ENGINE=InnoDB AUTO_INCREMENT=92 DEFAULT CHARSET=latin1;
/*!40101 SET character_set_client = @saved_cs_client */;

--
-- Dumping data for table `file`
--

LOCK TABLES `file` WRITE;
/*!40000 ALTER TABLE `file` DISABLE KEYS */;
INSERT INTO `file` VALUES (1,3,'jpeg','udsm-logo.jpeg','::1','Mozilla/5.0 (X11; Linux x86_64) AppleWebKit/537.36 (KHTML, like Gecko) Chrome/78.0.3904.108 Safari/537.36',1,'2020-01-29 05:00:41',7,NULL,NULL),(2,3,'jpeg','udsm-logo.jpeg','::1','Mozilla/5.0 (X11; Linux x86_64) AppleWebKit/537.36 (KHTML, like Gecko) Chrome/78.0.3904.108 Safari/537.36',1,'2020-01-29 05:00:41',7,NULL,NULL),(3,3,'jpg','book-stack-graduation-cap-and-diploma-vector-4193738.jpg','::1','Mozilla/5.0 (X11; Linux x86_64) AppleWebKit/537.36 (KHTML, like Gecko) Chrome/78.0.3904.108 Safari/537.36',1,'2020-01-29 05:06:31',7,NULL,NULL),(4,3,'jpeg','udsm-logo.jpeg','::1','Mozilla/5.0 (X11; Linux x86_64) AppleWebKit/537.36 (KHTML, like Gecko) Chrome/78.0.3904.108 Safari/537.36',1,'2020-01-29 05:06:31',7,NULL,NULL),(5,3,'png','lvfo.png','::1','Mozilla/5.0 (X11; Linux x86_64) AppleWebKit/537.36 (KHTML, like Gecko) Chrome/78.0.3904.108 Safari/537.36',1,'2020-01-29 05:32:49',7,NULL,NULL),(6,3,'png','lvfo.png','::1','Mozilla/5.0 (X11; Linux x86_64) AppleWebKit/537.36 (KHTML, like Gecko) Chrome/78.0.3904.108 Safari/537.36',1,'2020-01-29 05:32:49',7,NULL,NULL),(7,4,'jpg','4-employee_2360.jpg','::1','Mozilla/5.0 (X11; Linux x86_64) AppleWebKit/537.36 (KHTML, like Gecko) Chrome/78.0.3904.108 Safari/537.36',1,'2020-02-04 14:11:22',7,NULL,NULL),(8,4,'jpg','employee_2360.jpg','::1','Mozilla/5.0 (X11; Linux x86_64) AppleWebKit/537.36 (KHTML, like Gecko) Chrome/78.0.3904.108 Safari/537.36',1,'2020-02-04 14:13:54',7,NULL,NULL),(9,4,'jpg','employee_2360.jpg','::1','Mozilla/5.0 (X11; Linux x86_64) AppleWebKit/537.36 (KHTML, like Gecko) Chrome/78.0.3904.108 Safari/537.36',1,'2020-02-04 14:14:21',7,NULL,NULL),(10,4,'jpg','employee_2360.jpg','::1','Mozilla/5.0 (X11; Linux x86_64) AppleWebKit/537.36 (KHTML, like Gecko) Chrome/78.0.3904.108 Safari/537.36',1,'2020-02-04 14:16:07',7,NULL,NULL),(11,4,'png','employee_2362.png','::1','Mozilla/5.0 (X11; Linux x86_64) AppleWebKit/537.36 (KHTML, like Gecko) Chrome/78.0.3904.108 Safari/537.36',1,'2020-02-04 14:17:25',7,NULL,NULL),(20,6,'jpeg','institution_logo.jpeg','::1','Mozilla/5.0 (X11; Linux x86_64) AppleWebKit/537.36 (KHTML, like Gecko) Chrome/80.0.3987.87 Safari/537.36',1,'2020-02-14 02:19:50',7,NULL,NULL),(21,6,'png','institution_logo.png','::1','Mozilla/5.0 (X11; Linux x86_64) AppleWebKit/537.36 (KHTML, like Gecko) Chrome/80.0.3987.87 Safari/537.36',1,'2020-02-14 02:21:55',7,NULL,NULL),(32,4,'jpeg','employee_2361.jpeg','::1','Mozilla/5.0 (X11; Linux x86_64) AppleWebKit/537.36 (KHTML, like Gecko) Chrome/80.0.3987.87 Safari/537.36',1,'2020-02-15 18:21:17',7,NULL,NULL),(33,4,'jpeg','employee_2361.jpeg','::1','Mozilla/5.0 (X11; Linux x86_64) AppleWebKit/537.36 (KHTML, like Gecko) Chrome/80.0.3987.87 Safari/537.36',1,'2020-02-15 18:22:57',7,NULL,NULL),(39,7,'xls','document_28_distribution_17','::1','Mozilla/5.0 (X11; Linux x86_64) AppleWebKit/537.36 (KHTML, like Gecko) Chrome/80.0.3987.87 Safari/537.36',1,'2020-02-22 08:30:20',7,NULL,NULL),(40,7,'jpeg','document_28_distribution_17','::1','Mozilla/5.0 (X11; Linux x86_64) AppleWebKit/537.36 (KHTML, like Gecko) Chrome/80.0.3987.87 Safari/537.36',1,'2020-02-22 14:27:19',7,NULL,NULL),(41,7,'pdf','document_28_distribution_17','::1','Mozilla/5.0 (X11; Linux x86_64) AppleWebKit/537.36 (KHTML, like Gecko) Chrome/80.0.3987.87 Safari/537.36',1,'2020-02-22 14:34:16',7,NULL,NULL),(42,7,'pdf','document_28_distribution_16','::1','Mozilla/5.0 (X11; Linux x86_64) AppleWebKit/537.36 (KHTML, like Gecko) Chrome/80.0.3987.87 Safari/537.36',1,'2020-02-22 14:36:25',7,NULL,NULL),(43,7,'jpg','document_28_distribution_14','::1','Mozilla/5.0 (X11; Linux x86_64) AppleWebKit/537.36 (KHTML, like Gecko) Chrome/80.0.3987.87 Safari/537.36',1,'2020-02-22 14:37:26',7,NULL,NULL),(44,7,'jpg','document_28_distribution_15','::1','Mozilla/5.0 (X11; Linux x86_64) AppleWebKit/537.36 (KHTML, like Gecko) Chrome/80.0.3987.87 Safari/537.36',1,'2020-02-22 14:38:04',7,NULL,NULL),(45,7,'jpeg','document_28_distribution_15','::1','Mozilla/5.0 (X11; Linux x86_64) AppleWebKit/537.36 (KHTML, like Gecko) Chrome/80.0.3987.87 Safari/537.36',1,'2020-02-22 14:38:25',7,NULL,NULL),(46,7,'pdf','document_28_distribution_18','::1','Mozilla/5.0 (X11; Linux x86_64) AppleWebKit/537.36 (KHTML, like Gecko) Chrome/80.0.3987.87 Safari/537.36',1,'2020-02-23 15:55:02',7,NULL,NULL),(47,7,'jpeg','document_28_distribution_18','::1','Mozilla/5.0 (X11; Linux x86_64) AppleWebKit/537.36 (KHTML, like Gecko) Chrome/80.0.3987.87 Safari/537.36',1,'2020-02-23 15:55:35',7,NULL,NULL),(50,7,'pdf','document_30_distribution_19','::1','Mozilla/5.0 (X11; Linux x86_64) AppleWebKit/537.36 (KHTML, like Gecko) Chrome/80.0.3987.116 Safari/537.36',1,'2020-02-29 06:55:23',7,NULL,NULL),(52,5,'pdf','employee_2362_contract_1.pdf','::1','Mozilla/5.0 (X11; Linux x86_64) AppleWebKit/537.36 (KHTML, like Gecko) Chrome/80.0.3987.116 Safari/537.36',1,'2020-03-06 10:29:08',7,NULL,NULL),(53,5,'pdf','employee_2360_contract_2.pdf','::1','Mozilla/5.0 (X11; Linux x86_64) AppleWebKit/537.36 (KHTML, like Gecko) Chrome/80.0.3987.116 Safari/537.36',1,'2020-03-06 10:42:07',7,NULL,NULL),(54,5,'pdf','employee_2360_contract_3.pdf','::1','Mozilla/5.0 (X11; Linux x86_64) AppleWebKit/537.36 (KHTML, like Gecko) Chrome/80.0.3987.116 Safari/537.36',1,'2020-03-06 10:42:07',7,NULL,NULL),(55,5,'pdf','employee_2360_contract_4.pdf','::1','Mozilla/5.0 (X11; Linux x86_64) AppleWebKit/537.36 (KHTML, like Gecko) Chrome/80.0.3987.116 Safari/537.36',1,'2020-03-06 13:15:16',7,NULL,NULL),(56,7,'pdf','document_4_distribution_1','::1','Mozilla/5.0 (X11; Linux x86_64) AppleWebKit/537.36 (KHTML, like Gecko) Chrome/80.0.3987.116 Safari/537.36',1,'2020-03-06 13:18:20',7,NULL,NULL),(57,7,'pdf','document_1_distribution_2','::1','Mozilla/5.0 (X11; Linux x86_64) AppleWebKit/537.36 (KHTML, like Gecko) Chrome/80.0.3987.116 Safari/537.36',1,'2020-03-06 13:20:42',7,NULL,NULL),(58,7,'pdf','document_1_distribution_3','::1','Mozilla/5.0 (X11; Linux x86_64) AppleWebKit/537.36 (KHTML, like Gecko) Chrome/80.0.3987.116 Safari/537.36',1,'2020-03-06 13:27:16',7,NULL,NULL),(59,7,'pdf','document_1_distribution_4','::1','Mozilla/5.0 (X11; Linux x86_64) AppleWebKit/537.36 (KHTML, like Gecko) Chrome/80.0.3987.116 Safari/537.36',1,'2020-03-06 13:30:42',7,NULL,NULL),(60,5,'pdf','employee_2361_contract_5.pdf','::1','Mozilla/5.0 (X11; Linux x86_64) AppleWebKit/537.36 (KHTML, like Gecko) Chrome/80.0.3987.116 Safari/537.36',1,'2020-03-06 13:32:48',7,NULL,NULL),(61,7,'pdf','document_5_distribution_5','::1','Mozilla/5.0 (X11; Linux x86_64) AppleWebKit/537.36 (KHTML, like Gecko) Chrome/80.0.3987.116 Safari/537.36',1,'2020-03-06 13:35:11',7,NULL,NULL),(62,5,'pdf','employee_2360_contract_1.pdf','::1','Mozilla/5.0 (X11; Linux x86_64) AppleWebKit/537.36 (KHTML, like Gecko) Chrome/80.0.3987.116 Safari/537.36',1,'2020-03-06 14:44:04',7,NULL,NULL),(63,5,'pdf','employee_2360_contract_1.pdf','::1','Mozilla/5.0 (X11; Linux x86_64) AppleWebKit/537.36 (KHTML, like Gecko) Chrome/80.0.3987.116 Safari/537.36',1,'2020-03-07 07:28:52',7,NULL,NULL),(64,7,'pdf','document_1_distribution_1','::1','Mozilla/5.0 (X11; Linux x86_64) AppleWebKit/537.36 (KHTML, like Gecko) Chrome/80.0.3987.116 Safari/537.36',1,'2020-03-07 07:33:59',7,NULL,NULL),(65,7,'pdf','document_1_distribution_2','::1','Mozilla/5.0 (X11; Linux x86_64) AppleWebKit/537.36 (KHTML, like Gecko) Chrome/80.0.3987.116 Safari/537.36',1,'2020-03-07 07:37:38',7,NULL,NULL),(66,5,'pdf','employee_2363_contract_2.pdf','::1','Mozilla/5.0 (X11; Linux x86_64) AppleWebKit/537.36 (KHTML, like Gecko) Chrome/80.0.3987.116 Safari/537.36',1,'2020-03-07 07:46:39',7,NULL,NULL),(67,7,'pdf','document_2_distribution_3','::1','Mozilla/5.0 (X11; Linux x86_64) AppleWebKit/537.36 (KHTML, like Gecko) Chrome/80.0.3987.116 Safari/537.36',1,'2020-03-07 07:49:45',7,NULL,NULL),(68,5,'pdf','employee_2372_contract_3.pdf','::1','Mozilla/5.0 (X11; Linux x86_64) AppleWebKit/537.36 (KHTML, like Gecko) Chrome/80.0.3987.116 Safari/537.36',1,'2020-03-07 07:53:41',7,NULL,NULL),(69,7,'pdf','document_3_distribution_4','::1','Mozilla/5.0 (X11; Linux x86_64) AppleWebKit/537.36 (KHTML, like Gecko) Chrome/80.0.3987.116 Safari/537.36',1,'2020-03-07 07:56:28',7,NULL,NULL),(70,5,'pdf','employee_2362_contract_4.pdf','::1','Mozilla/5.0 (X11; Linux x86_64) AppleWebKit/537.36 (KHTML, like Gecko) Chrome/80.0.3987.116 Safari/537.36',1,'2020-03-07 08:00:36',7,NULL,NULL),(71,7,'pdf','document_4_distribution_5','::1','Mozilla/5.0 (X11; Linux x86_64) AppleWebKit/537.36 (KHTML, like Gecko) Chrome/80.0.3987.116 Safari/537.36',1,'2020-03-07 08:03:56',7,NULL,NULL),(72,5,'pdf','employee_2376_contract_5.pdf','::1','Mozilla/5.0 (X11; Linux x86_64) AppleWebKit/537.36 (KHTML, like Gecko) Chrome/80.0.3987.116 Safari/537.36',1,'2020-03-07 08:07:15',7,NULL,NULL),(73,5,'pdf','employee_2364_contract_6.pdf','::1','Mozilla/5.0 (X11; Linux x86_64) AppleWebKit/537.36 (KHTML, like Gecko) Chrome/80.0.3987.116 Safari/537.36',1,'2020-03-07 10:37:38',7,NULL,NULL),(74,7,'pdf','document_6_distribution_6','::1','Mozilla/5.0 (X11; Linux x86_64) AppleWebKit/537.36 (KHTML, like Gecko) Chrome/80.0.3987.116 Safari/537.36',1,'2020-03-07 11:08:02',7,NULL,NULL),(75,7,'pdf','document_6_distribution_7','::1','Mozilla/5.0 (X11; Linux x86_64) AppleWebKit/537.36 (KHTML, like Gecko) Chrome/80.0.3987.116 Safari/537.36',1,'2020-03-07 11:26:16',7,NULL,NULL),(76,7,'pdf','document_6_distribution_8','::1','Mozilla/5.0 (X11; Linux x86_64) AppleWebKit/537.36 (KHTML, like Gecko) Chrome/80.0.3987.116 Safari/537.36',1,'2020-03-07 12:12:16',7,NULL,NULL),(77,5,'pdf','employee_2364_contract_7.pdf','::1','Mozilla/5.0 (X11; Linux x86_64) AppleWebKit/537.36 (KHTML, like Gecko) Chrome/80.0.3987.116 Safari/537.36',1,'2020-03-08 05:35:53',7,NULL,NULL),(78,5,'pdf','employee_2361_contract_8.pdf','::1','Mozilla/5.0 (X11; Linux x86_64) AppleWebKit/537.36 (KHTML, like Gecko) Chrome/80.0.3987.116 Safari/537.36',1,'2020-03-08 07:37:36',7,NULL,NULL),(79,7,'pdf','document_8_distribution_9','::1','Mozilla/5.0 (X11; Linux x86_64) AppleWebKit/537.36 (KHTML, like Gecko) Chrome/80.0.3987.116 Safari/537.36',1,'2020-03-08 07:38:32',7,NULL,NULL),(80,7,'pdf','document_8_distribution_10','::1','Mozilla/5.0 (X11; Linux x86_64) AppleWebKit/537.36 (KHTML, like Gecko) Chrome/80.0.3987.116 Safari/537.36',1,'2020-03-08 07:39:16',7,NULL,NULL),(81,7,'pdf','document_1_distribution_11','::1','Mozilla/5.0 (X11; Linux x86_64) AppleWebKit/537.36 (KHTML, like Gecko) Chrome/80.0.3987.116 Safari/537.36',1,'2020-03-08 07:49:11',7,NULL,NULL),(82,5,'pdf','employee_2365_contract_9.pdf','::1','Mozilla/5.0 (X11; Linux x86_64) AppleWebKit/537.36 (KHTML, like Gecko) Chrome/80.0.3987.116 Safari/537.36',1,'2020-03-10 07:00:35',7,NULL,NULL),(83,7,'pdf','document_9_distribution_12','::1','Mozilla/5.0 (X11; Linux x86_64) AppleWebKit/537.36 (KHTML, like Gecko) Chrome/80.0.3987.116 Safari/537.36',1,'2020-03-10 07:01:45',7,NULL,NULL),(84,7,'pdf','document_7_distribution_13','::1','Mozilla/5.0 (X11; Linux x86_64) AppleWebKit/537.36 (KHTML, like Gecko) Chrome/80.0.3987.116 Safari/537.36',1,'2020-03-22 06:17:16',7,NULL,NULL),(85,7,'pdf','document_7_distribution_14','::1','Mozilla/5.0 (X11; Linux x86_64) AppleWebKit/537.36 (KHTML, like Gecko) Chrome/80.0.3987.116 Safari/537.36',1,'2020-03-22 06:26:39',7,NULL,NULL),(86,4,'jpg','employee_2378.jpg','::1','Mozilla/5.0 (X11; Linux x86_64) AppleWebKit/537.36 (KHTML, like Gecko) Chrome/80.0.3987.149 Safari/537.36',1,'2020-03-27 10:31:52',7,NULL,NULL),(87,5,'pdf','employee_2366_contract_10.pdf','127.0.0.1','Mozilla/5.0 (X11; Ubuntu; Linux x86_64; rv:74.0) Gecko/20100101 Firefox/74.0',1,'2020-04-03 09:35:49',7,NULL,NULL),(88,5,'pdf','employee_2375_contract_11.pdf','::1','Mozilla/5.0 (X11; Linux x86_64) AppleWebKit/537.36 (KHTML, like Gecko) Chrome/80.0.3987.149 Safari/537.36',1,'2020-04-03 09:43:47',7,NULL,NULL),(89,5,'pdf','employee_2367_contract_12.pdf','::1','Mozilla/5.0 (X11; Linux x86_64) AppleWebKit/537.36 (KHTML, like Gecko) Chrome/80.0.3987.149 Safari/537.36',1,'2020-04-03 13:24:46',7,NULL,NULL),(90,5,'pdf','employee_2367_contract_13.pdf','::1','Mozilla/5.0 (X11; Linux x86_64) AppleWebKit/537.36 (KHTML, like Gecko) Chrome/80.0.3987.149 Safari/537.36',1,'2020-04-03 13:39:03',7,NULL,NULL),(91,6,'jpeg','institution_logo.jpeg','::1','Mozilla/5.0 (X11; Linux x86_64) AppleWebKit/537.36 (KHTML, like Gecko) Chrome/80.0.3987.149 Safari/537.36',1,'2020-04-11 15:21:31',7,NULL,NULL);
/*!40000 ALTER TABLE `file` ENABLE KEYS */;
UNLOCK TABLES;

--
-- Table structure for table `file_type`
--

DROP TABLE IF EXISTS `file_type`;
/*!40101 SET @saved_cs_client     = @@character_set_client */;
/*!40101 SET character_set_client = utf8 */;
CREATE TABLE `file_type` (
  `id` int(11) NOT NULL AUTO_INCREMENT,
  `code` varchar(128) NOT NULL,
  `name` varchar(128) NOT NULL,
  `description` varchar(512) NOT NULL,
  `path` varchar(512) NOT NULL,
  `accepted_types` varchar(512) NOT NULL,
  `is_active` int(11) NOT NULL DEFAULT '1',
  `created_at` timestamp NULL DEFAULT NULL,
  `created_by` int(11) DEFAULT NULL,
  `updated_at` timestamp NULL DEFAULT NULL,
  `updated_by` int(11) DEFAULT NULL,
  PRIMARY KEY (`id`),
  UNIQUE KEY `code` (`code`)
) ENGINE=InnoDB AUTO_INCREMENT=8 DEFAULT CHARSET=latin1;
/*!40101 SET character_set_client = @saved_cs_client */;

--
-- Dumping data for table `file_type`
--

LOCK TABLES `file_type` WRITE;
/*!40000 ALTER TABLE `file_type` DISABLE KEYS */;
INSERT INTO `file_type` VALUES (1,'CODE_PROFILE_PICTURE','User Profile Pictures','User Profile Pictures','uploads/user-photo/','.png, .jpg, .jpeg',1,'2019-07-13 18:04:47',1,NULL,NULL),(2,'CODE_CUSTOMER_PICTURE','Customer Pictures','Customer Pictures','uploads/customer-photo/','.png, .jpg, .jpeg',1,'2019-07-29 05:14:41',5,NULL,NULL),(3,'CODE_INSTITUTION_STRUCTURE_LOGOS','Institution Structure Logos','Institution Structure Logos','uploads/institution-structure-logos/','*',1,'2020-01-28 17:44:28',7,NULL,NULL),(4,'CODE_EMPLOYEE_PICTURES','Employee Pictures','Employee Pictures','uploads/employee-pictures/','*',1,'2020-02-04 13:59:22',7,NULL,NULL),(5,'CODE_EMPLOYEE_CONTRACTS','Employee Contracts','Employee Contracts','uploads/employee-contracts/','*',1,'2020-02-05 10:11:32',7,NULL,NULL),(6,'CODE_INSTITUTION_LOGOS','Institution Logos','Institution Logos','uploads/institution-logos/','*',1,'2020-02-11 20:25:17',7,NULL,NULL),(7,'CODE_SALARY_DISTRIBUTION_SUPPORTING_DOCUMENT','Salary Distribution Supporting Document','Salary Distribution Supporting Document','uploads/salary-distribution-supporting-document/','*',1,'2020-02-21 15:04:14',7,NULL,NULL);
/*!40000 ALTER TABLE `file_type` ENABLE KEYS */;
UNLOCK TABLES;

--
-- Table structure for table `identity_type`
--

DROP TABLE IF EXISTS `identity_type`;
/*!40101 SET @saved_cs_client     = @@character_set_client */;
/*!40101 SET character_set_client = utf8 */;
CREATE TABLE `identity_type` (
  `id` int(11) NOT NULL AUTO_INCREMENT,
  `code` varchar(7) NOT NULL,
  `name` varchar(128) NOT NULL,
  `is_active` int(11) NOT NULL,
  `created_at` datetime DEFAULT NULL,
  `created_by` int(11) DEFAULT NULL,
  `updated_at` datetime DEFAULT NULL,
  `updated_by` int(11) DEFAULT NULL,
  PRIMARY KEY (`id`),
  UNIQUE KEY `code` (`code`)
) ENGINE=InnoDB AUTO_INCREMENT=5 DEFAULT CHARSET=latin1;
/*!40101 SET character_set_client = @saved_cs_client */;

--
-- Dumping data for table `identity_type`
--

LOCK TABLES `identity_type` WRITE;
/*!40000 ALTER TABLE `identity_type` DISABLE KEYS */;
INSERT INTO `identity_type` VALUES (1,'TYPE_01','National Identity',1,'2019-10-01 20:06:18',7,NULL,NULL),(2,'TYPE_02','Driving License',1,'2019-10-01 20:07:31',7,NULL,NULL),(3,'TYPE_03','Travel Passport',1,'2019-10-08 12:03:35',7,NULL,NULL),(4,'TYPE_04','Extra Type',1,'2020-03-31 22:42:21',7,NULL,NULL);
/*!40000 ALTER TABLE `identity_type` ENABLE KEYS */;
UNLOCK TABLES;

--
-- Table structure for table `institution`
--

DROP TABLE IF EXISTS `institution`;
/*!40101 SET @saved_cs_client     = @@character_set_client */;
/*!40101 SET character_set_client = utf8 */;
CREATE TABLE `institution` (
  `id` tinyint(4) NOT NULL AUTO_INCREMENT,
  `institution_code` varchar(20) COLLATE latin1_general_ci DEFAULT NULL,
  `subsp_code` int(11) NOT NULL,
  `institution_name` varchar(100) COLLATE latin1_general_ci DEFAULT NULL,
  `logo` varchar(255) COLLATE latin1_general_ci DEFAULT NULL,
  `logo_file_id` int(11) DEFAULT NULL,
  `logo_height` float NOT NULL,
  `logo_width` float NOT NULL,
  `banner` varchar(255) COLLATE latin1_general_ci DEFAULT NULL,
  `instructions` text COLLATE latin1_general_ci,
  `instructions_pg` text COLLATE latin1_general_ci,
  `contact_details` text COLLATE latin1_general_ci,
  `home_page` text COLLATE latin1_general_ci,
  `pay_bank_instructions` text COLLATE latin1_general_ci,
  `pay_bank_instructions_pg` text COLLATE latin1_general_ci,
  `min_prog_direct` int(11) DEFAULT NULL,
  `max_prog_direct` int(11) DEFAULT NULL,
  `min_prog_equivalent` int(11) DEFAULT NULL,
  `max_prog_equivalent` int(11) DEFAULT NULL,
  `min_programme` tinyint(4) DEFAULT NULL,
  `max_programme` tinyint(4) DEFAULT NULL,
  `support_email1` varchar(100) COLLATE latin1_general_ci DEFAULT NULL,
  `support_email2` varchar(100) COLLATE latin1_general_ci DEFAULT NULL,
  `support_email3` varchar(100) COLLATE latin1_general_ci DEFAULT NULL,
  `support_phone1` varchar(20) COLLATE latin1_general_ci DEFAULT NULL,
  `support_phone2` varchar(20) COLLATE latin1_general_ci DEFAULT NULL,
  `support_phone3` varchar(20) COLLATE latin1_general_ci DEFAULT NULL,
  `applicant_home_page` text COLLATE latin1_general_ci,
  `application_deadline` date DEFAULT NULL,
  `activate_account_email` text COLLATE latin1_general_ci,
  `referee_email` text COLLATE latin1_general_ci,
  `application_close_reminder` text COLLATE latin1_general_ci,
  `not_selected_email` text COLLATE latin1_general_ci,
  `selected_email` text COLLATE latin1_general_ci,
  `payment_confirmed_email` text COLLATE latin1_general_ci,
  `account_activated_message` text COLLATE latin1_general_ci,
  `banner_color` varchar(40) COLLATE latin1_general_ci DEFAULT NULL,
  `application_status` tinyint(4) DEFAULT '1' COMMENT '1 applications are opened, 2 registration are closed but application can be modified, 3 registration/application is closed',
  `application_status_remarks` varchar(1000) COLLATE latin1_general_ci DEFAULT NULL,
  `application_status_pg` tinyint(4) DEFAULT NULL COMMENT '1=>Applications are opened, 2=>Applications are closed',
  `application_status_remarks_pg` varchar(1000) COLLATE latin1_general_ci DEFAULT NULL,
  `tcu_username` varchar(10) COLLATE latin1_general_ci DEFAULT NULL,
  `tcu_key` varchar(400) COLLATE latin1_general_ci DEFAULT NULL,
  `current_round` tinyint(4) NOT NULL DEFAULT '1',
  `confirmation_status` tinyint(4) NOT NULL DEFAULT '1',
  `admiss_letter_ug` text COLLATE latin1_general_ci,
  `admiss_letter_pg` text COLLATE latin1_general_ci,
  `publish_status_pg` tinyint(4) NOT NULL DEFAULT '0' COMMENT '0 admissions are not published, 1 admissions are published',
  `show_pg_tab` tinyint(4) NOT NULL DEFAULT '0',
  `created_at` datetime DEFAULT NULL,
  `closed_by` int(11) DEFAULT NULL,
  `updated_at` datetime DEFAULT NULL,
  `updated_by` int(11) DEFAULT NULL,
  PRIMARY KEY (`id`)
) ENGINE=InnoDB AUTO_INCREMENT=2 DEFAULT CHARSET=latin1 COLLATE=latin1_general_ci;
/*!40101 SET character_set_client = @saved_cs_client */;

--
-- Dumping data for table `institution`
--

LOCK TABLES `institution` WRITE;
/*!40000 ALTER TABLE `institution` DISABLE KEYS */;
INSERT INTO `institution` VALUES (1,'[Company Code]',1002,'[Company Name]','uploads/institution-logos/institution_logo.jpeg',91,185,185,'','<p><strong>Instructions on how to apply for various Undergraduate programmes at UDSM</strong></p>\r\n\r\n<p><br />\r\n<strong>NEW APPLICANTS</strong></p>\r\n\r\n<p><strong>Stage 1: Registration for an admission account:</strong></p>\r\n\r\n<p>&nbsp; &nbsp; Register for an account in our system through the button (<strong>REGISTRATION</strong>) at the <strong><em>UNDERGRADUATE</em></strong> tab<br />\r\n<strong>&nbsp; &nbsp; &nbsp;Note: to register for an account in the admission system you will need to supply the following details:</strong></p>\r\n\r\n<ul>\r\n	<li>First name</li>\r\n	<li>Surname</li>\r\n	<li><strong>Email Address</strong></li>\r\n	<li><strong>Mobile Telephone Number</strong></li>\r\n	<li>To finalize registration you will need to put in a&nbsp;password of your choice that you will use whenever you wish to log into the admission&nbsp;system.</li>\r\n	<li>And lastly fill in the characters <em>captcha</em> as will be shown in the page, i.e. <em>Captcha</em> then click register button at the bottom to register for an account. &nbsp;</li>\r\n</ul>\r\n\r\n<p>If you are successfully registered, then the system will send an email to your email address, please log into your email account to activate your admission account.</p>\r\n\r\n<ul>\r\n	<li>Use the link sent into your email to log into our Admission system.<br />\r\n	<strong>Note:</strong> at this stage. <strong>Your username is</strong>: your email address</li>\r\n</ul>\r\n\r\n<p>&nbsp; &nbsp; &nbsp; &nbsp; &nbsp; &nbsp; &nbsp; &nbsp; &nbsp; &nbsp; &nbsp; &nbsp; &nbsp; &nbsp; &nbsp; &nbsp; &nbsp; &nbsp; &nbsp; &nbsp; &nbsp; &nbsp;&nbsp;<strong>Your Password is</strong>:&nbsp;&nbsp; the password you supplied</p>\r\n\r\n<p><strong>Stage 2: make application:</strong></p>\r\n\r\n<ol>\r\n	<li>When you are successfully logged into your account you will find notification that your account is successfully activated (please open the notification)</li>\r\n	<li>Click at&nbsp; &nbsp;&nbsp;My Application button to start application</li>\r\n	<li>You will be presented with four[4] steps to finish the application</li>\r\n</ol>\r\n\r\n<p><strong>&nbsp; &nbsp; &nbsp; &nbsp; &nbsp; &nbsp; &nbsp; Step 1: MY PROFILE&nbsp;&nbsp;&nbsp; </strong></p>\r\n\r\n<ol>\r\n	<li><em>Chose application category</em>:</li>\r\n	<li><em>Write names</em> as they appear in your secondary certificates</li>\r\n	<li><em>sex, Country of Citizenship and Disability Type</em> if any</li>\r\n</ol>\r\n\r\n<p><strong>&nbsp; &nbsp; &nbsp; &nbsp; &nbsp; &nbsp; &nbsp; Step 2: APPLICATION FEE PAYMENT</strong></p>\r\n\r\n<p><strong>&nbsp;&nbsp; &nbsp; &nbsp; &nbsp; &nbsp; Application Fee is : Tsh. 10,000/= ( Ten thousand only)&nbsp;</strong></p>\r\n\r\n<p>&nbsp; &nbsp; &nbsp; &nbsp; &nbsp; &nbsp;Use the reference number shown to pay application fee by using mobile money services ie. Mpesa, Tigo Pesa, Airtel Money etc.</p>\r\n\r\n<p><strong>&nbsp; &nbsp; &nbsp; &nbsp; &nbsp; &nbsp;Application Fee Payment &nbsp; Details:</strong></p>\r\n\r\n<p><strong>&nbsp; &nbsp; &nbsp; &nbsp; &nbsp; &nbsp;For those with Vodacom&nbsp;Number,</strong></p>\r\n\r\n<p>&nbsp; &nbsp; &nbsp; &nbsp; &nbsp; &nbsp;Open your mpesa by dialling *150*00#</p>\r\n\r\n<p>&nbsp; &nbsp; &nbsp; &nbsp; &nbsp; &nbsp;Then chose 4 LIPA kwa M-Pesa</p>\r\n\r\n<p>&nbsp; &nbsp; &nbsp; &nbsp; &nbsp; &nbsp;Then chose 4 Weka namba ya kampuni</p>\r\n\r\n<p>&nbsp; &nbsp; &nbsp; &nbsp; &nbsp; &nbsp;Then Business number/Namba ya kampuni: 888999</p>\r\n\r\n<p>&nbsp; &nbsp; &nbsp; &nbsp; &nbsp; &nbsp;The Reference number/ number ya kumbukumbu ya malipo: take from your Admission system account at the make payment button ,</p>\r\n\r\n<p>&nbsp; &nbsp; &nbsp; &nbsp; &nbsp; &nbsp;The reference number is shown in red colour:</p>\r\n\r\n<p>&nbsp;&nbsp; &nbsp; &nbsp; &nbsp; &nbsp; <u>eg.Reference no 99143XXXXXXX</u></p>\r\n\r\n<p>&nbsp;</p>\r\n\r\n<p><strong>&nbsp; &nbsp; &nbsp; &nbsp; &nbsp; For those with Tigo Number,</strong></p>\r\n\r\n<p>&nbsp; &nbsp; &nbsp; &nbsp; &nbsp;Open your Tigo-Pesa Number dialling *150*01#</p>\r\n\r\n<p>&nbsp; &nbsp; &nbsp; &nbsp; &nbsp;Then chose 4 LIPA Bili, PAY bill</p>\r\n\r\n<p>&nbsp; &nbsp; &nbsp; &nbsp; &nbsp;Then chose 3 Weka namba ya kampuni</p>\r\n\r\n<p>&nbsp; &nbsp; &nbsp; &nbsp; &nbsp;Then Business number/Namba ya kampuni: 888999</p>\r\n\r\n<p>&nbsp; &nbsp; &nbsp; &nbsp; &nbsp;Then Reference number/ number ya kumbukumbu ya malipo: take from your Admission system account at the make payment button,</p>\r\n\r\n<p>&nbsp; &nbsp; &nbsp; &nbsp; &nbsp;the reference number is shown in red colour:</p>\r\n\r\n<p>&nbsp;&nbsp; &nbsp; &nbsp; &nbsp; <u>eg.Reference no 99143XXXXXX</u></p>\r\n\r\n<p><strong>&nbsp; &nbsp; &nbsp; &nbsp;<br />\r\n&nbsp;&nbsp; &nbsp; &nbsp; &nbsp;For those with Airtel Number,</strong></p>\r\n\r\n<p>&nbsp; &nbsp; &nbsp; &nbsp; Airtel Money Number dialling *150*60#</p>\r\n\r\n<p>&nbsp; &nbsp; &nbsp; &nbsp; Then chose 5 Lipia bili</p>\r\n\r\n<p>&nbsp; &nbsp; &nbsp; &nbsp; Then chose 4 Weka namba ya kampuni</p>\r\n\r\n<p>&nbsp; &nbsp; &nbsp; &nbsp; Then Business number/Namba ya kampuni ni: 888999</p>\r\n\r\n<p>&nbsp; &nbsp; &nbsp; &nbsp; The Reference number/ number ya kumbukumbu ya malipo: take from your Admission system account at the make payment button,</p>\r\n\r\n<p>&nbsp; &nbsp; &nbsp; &nbsp; the reference number is shown in red colour:</p>\r\n\r\n<p>&nbsp;&nbsp; &nbsp; &nbsp; &nbsp;<u>eg.Reference no: 99143XXXXXXX</u></p>\r\n\r\n<p>After payment, the system will automatically update and allow you to proceed to <strong>step3 </strong></p>\r\n\r\n<p><strong>&nbsp;Step 3: ACCADEMIC QUALIFICATION </strong></p>\r\n\r\n<ol>\r\n	<li>For Direct Entry applicants with both form IV and VI results from NECTA</li>\r\n</ol>\r\n\r\n<p>&nbsp; &nbsp; &nbsp; &nbsp; &nbsp; &nbsp;Add index number and year and choose level</p>\r\n\r\n<p>&nbsp; &nbsp; &nbsp; &nbsp; &nbsp; &nbsp;Example:<br />\r\n&nbsp; &nbsp; &nbsp; &nbsp; &nbsp; &nbsp;Index no: S0110/0092/2014&nbsp;&nbsp;&nbsp;&nbsp;&nbsp;&nbsp;&nbsp; level&nbsp; &nbsp;O-LEVEL</p>\r\n\r\n<p>&nbsp; &nbsp; &nbsp; &nbsp; &nbsp; Then click add sitting</p>\r\n\r\n<p>&nbsp; &nbsp; &nbsp; &nbsp; &nbsp; &nbsp;Index no: S0110/0088/2017 &nbsp; &nbsp; &nbsp; &nbsp; level&nbsp; &nbsp;A-LEVEL</p>\r\n\r\n<p>&nbsp; &nbsp; &nbsp; &nbsp; &nbsp; &nbsp; Then click add sitting<br />\r\n&nbsp; if you have multiple sittings then you can add all sittings that you wish to be considered in the &nbsp;selection process.&nbsp;</p>\r\n\r\n<p>&nbsp; &nbsp; &nbsp; &nbsp; 2. For Equivalent applicants with form IV results from NECTA</p>\r\n\r\n<p>&nbsp;&nbsp;&nbsp;&nbsp;&nbsp;&nbsp;&nbsp;&nbsp;&nbsp;&nbsp;&nbsp;&nbsp; Add index number and year and choose level</p>\r\n\r\n<p>&nbsp;&nbsp;&nbsp;&nbsp;&nbsp;&nbsp;&nbsp;&nbsp;&nbsp; Then upload your Diploma certificates in the system in PDF format</p>\r\n\r\n<p>&nbsp; &nbsp; &nbsp; &nbsp;3. &nbsp;For applicants with foreign certificates,&nbsp; you will need to put results in the system<br />\r\n&nbsp;&nbsp; &nbsp; &nbsp; &nbsp; &nbsp; &nbsp;and upload certificates in PDF format</p>\r\n\r\n<p><strong>Step 4: PROGRAMME CHOICES</strong></p>\r\n\r\n<p>Choose from the List of available Programmes and the application choice number.</p>\r\n\r\n<p><strong>Note:</strong> choose the &nbsp;programmes in the selected List and if&nbsp; you put choice 1,&nbsp;means that is your first choice, the second is your second choice&hellip;etc.</p>\r\n\r\n<p>the selection proces will also consider your choice priorities</p>\r\n\r\n<p>&nbsp;</p>\r\n\r\n<p>&nbsp;</p>\r\n\r\n<p>&nbsp;</p>\r\n','<p><strong>Instructions on how to apply for various postgraduate programmes (Masters programmes,Postgraduate programmes and PHD) at UDSM</strong></p>\r\n\r\n<p><strong>NOTE: These instractions are for new applicants who started applicant from 30/07/2018, for those who applied before thi</strong><strong>s date please long in into this link :&nbsp; <a href=\"https://aris2.udsm.ac.tz/pgoa\">Previous System</a></strong></p>\r\n\r\n<p><br />\r\n<strong>NEW APPLICANTS</strong></p>\r\n\r\n<p><strong>STAGE 1: REGISTRATION FOR AN ADMISSION ACCOUNT:</strong></p>\r\n\r\n<p>Register for an account in our system by clicking <strong>REGISTRATION button </strong>at the&nbsp;<strong><em>POSTGRADUATE</em></strong>&nbsp;tab<br />\r\n<strong>&nbsp; &nbsp; &nbsp;</strong></p>\r\n\r\n<p><strong>Note: In order to register for an account in the admission system you will need to provide the following details:</strong></p>\r\n\r\n<ul>\r\n	<li>First name</li>\r\n	<li>Surname</li>\r\n	<li><strong>Email Address</strong></li>\r\n	<li><strong>Mobile Telephone Number</strong></li>\r\n	<li>To finalize registration you will need to put in a&nbsp;password of your choice that you will use whenever you wish to log into the admission&nbsp;system.</li>\r\n	<li>And lastly fill in the characters&nbsp;<em>captcha</em>&nbsp;as will be shown in the page, i.e.&nbsp;<em>Captcha</em>&nbsp;then click register button at the bottom to register for an account. &nbsp;</li>\r\n</ul>\r\n\r\n<p>If you are successfully registered, then the system will send you an email. Please log into your email account and use the link sent into your email to activate your admission account.</p>\r\n\r\n<ul>\r\n	<li><strong>Note:</strong>&nbsp;at this stage.&nbsp;<strong>Your username is</strong>: your email address</li>\r\n</ul>\r\n\r\n<p>&nbsp; &nbsp; &nbsp; &nbsp; &nbsp; &nbsp; &nbsp; &nbsp; &nbsp; &nbsp; &nbsp; &nbsp; &nbsp; &nbsp; &nbsp; &nbsp; &nbsp; &nbsp; &nbsp; &nbsp; &nbsp; &nbsp;&nbsp;<strong>Your Password is</strong>:&nbsp;&nbsp; the password you supplied</p>\r\n\r\n<p><strong>STAGE 2: MAKE APPLICATION:</strong></p>\r\n\r\n<ol>\r\n	<li>When you are successfully logged into your account you will find notification that your account is successfully activated (please open the notification)</li>\r\n	<li>Click at&nbsp; &nbsp;&nbsp;My Application button to start application</li>\r\n	<li>You will be presented with four[4] steps to finish the application</li>\r\n</ol>\r\n\r\n<p><strong>&nbsp; &nbsp; &nbsp; &nbsp; &nbsp; &nbsp; &nbsp; Step 1: MY PROFILE&nbsp;&nbsp;&nbsp;</strong></p>\r\n\r\n<ol>\r\n	<li><em>Chose application category</em>:</li>\r\n	<li><em>Write names</em>&nbsp;as they appear in your academic certificates</li>\r\n	<li><em>sex, Country of Citizenship and Disability Type</em>&nbsp;if any</li>\r\n</ol>\r\n\r\n<p><strong>&nbsp; &nbsp; &nbsp; &nbsp; &nbsp; &nbsp; &nbsp; Step 2: APPLICATION FEE PAYMENT</strong></p>\r\n\r\n<ul>\r\n	<li>Non-refundable Application Fee is :\r\n	<ol>\r\n		<li>Local Students: &nbsp;TZS. 50,000.00 (Fifty Thousand only)&nbsp;</li>\r\n		<li>Foreign Students USD. 50.00 &nbsp;(Fifty US Dollar only)&nbsp;</li>\r\n	</ol>\r\n	</li>\r\n</ul>\r\n\r\n<p>Use the reference number shown to pay application fee by using mobile money services ie. Mpesa, Tigo Pesa, Airtel Money for Local Students. &nbsp;Foreign Students application fee is payable using the SWIFT code: <strong>NLCBTZTX </strong>through A/C Number: 012105005554, University of Dar es Salaam, &nbsp;NBC Bank, Samora Branch. &nbsp;</p>\r\n\r\n<p>&nbsp;</p>\r\n\r\n<p><strong>&nbsp;Payment procedures of application fee for local students using mobile money services are detailed below: </strong>&nbsp;</p>\r\n\r\n<ul>\r\n	<li><strong>Vodacom&nbsp;Number</strong></li>\r\n</ul>\r\n\r\n<p>&nbsp; &nbsp; &nbsp; &nbsp; &nbsp; &nbsp;Open your mpesa by dialling *150*00#</p>\r\n\r\n<p>&nbsp; &nbsp; &nbsp; &nbsp; &nbsp; &nbsp;Then chose 4 LIPA kwa M-Pesa</p>\r\n\r\n<p>&nbsp; &nbsp; &nbsp; &nbsp; &nbsp; &nbsp;Then chose 4 Weka namba ya kampuni</p>\r\n\r\n<p>&nbsp; &nbsp; &nbsp; &nbsp; &nbsp; &nbsp;Then Business number/Namba ya kampuni: 888999</p>\r\n\r\n<p>The Reference number/ number ya kumbukumbu ya malipo:</p>\r\n\r\n<p><strong>NB:</strong> Reference number should be taken from your admission system account at <em>&lsquo;the make payment&rsquo; button</em> which is shown in red colour:<u> eg. Reference no 99143XXXXXX</u></p>\r\n\r\n<ul>\r\n	<li><strong>Tigo Number</strong></li>\r\n</ul>\r\n\r\n<p>&nbsp; &nbsp; &nbsp; &nbsp; &nbsp;Open your Tigo-Pesa Number dialling *150*01#</p>\r\n\r\n<p>&nbsp; &nbsp; &nbsp; &nbsp; &nbsp;Then chose 4 PAY bill/(LIPA Bili,)</p>\r\n\r\n<p>&nbsp; &nbsp; &nbsp; &nbsp; &nbsp;Then chose 3/(ingiza namba ya kampuni)</p>\r\n\r\n<p>&nbsp; &nbsp; &nbsp; &nbsp; &nbsp;Then Business number/(Namba ya kampuni: <strong>888999</strong>)</p>\r\n\r\n<p>Then Reference number/(Namba ya kumbukumbu ya malipo):</p>\r\n\r\n<p><strong>NB</strong>: Reference number should be taken from your admission system account at <em>&lsquo;the make payment&rsquo; button</em> which is shown in red colour:<u> eg. Reference no 99143XXXXXX</u></p>\r\n\r\n<p>&nbsp; &nbsp; &nbsp; &nbsp; &nbsp; &nbsp; &nbsp;&nbsp;</p>\r\n\r\n<ul>\r\n	<li><strong>&nbsp;Airtel Number</strong></li>\r\n</ul>\r\n\r\n<p>&nbsp; &nbsp; &nbsp; &nbsp; Airtel Money Number dialling *150*60#</p>\r\n\r\n<p>&nbsp; &nbsp; &nbsp; &nbsp; Then chose 5 (Lipia bili)</p>\r\n\r\n<p>&nbsp; &nbsp; &nbsp; &nbsp; Then chose 4 (Weka namba ya kampuni)</p>\r\n\r\n<p>&nbsp; &nbsp; &nbsp; &nbsp; Then Business number/Namba ya kampuni ni: 888999</p>\r\n\r\n<p>The Reference number/Namba ya kumbukumbu ya malipo:</p>\r\n\r\n<p><strong>NB</strong>: Reference number should be taken from your admission system account at <em>&lsquo;the make payment&rsquo; button</em> which is shown in red colour:<u> eg. Reference no 99143XXXXXX</u></p>\r\n\r\n<p>&nbsp;</p>\r\n\r\n<p>After payment, the system will automatically update and allow you to proceed to&nbsp;<strong>step3</strong></p>\r\n\r\n<p>&nbsp;</p>\r\n\r\n<p><strong>&nbsp;Step 3: ACADEMIC QUALIFICATION</strong></p>\r\n\r\n<ol>\r\n	<li>Select College/School</li>\r\n	<li>Then select Programme that you wish to apply</li>\r\n	<li>Then select Programme category</li>\r\n	<li>Then select Delivery Mode</li>\r\n	<li>Then select Sponsorship Type</li>\r\n	<li>Then tick in the appropriate box on &lsquo;<strong>H</strong><strong>ow did you find out about the Postgraduate Programmes at the University of Dar es salaam?&rsquo;</strong></li>\r\n</ol>\r\n\r\n<p><strong>Step 4: EMPLOYMENT RECORDS</strong></p>\r\n\r\n<ul>\r\n	<li>Click &lsquo;Add&rsquo; button to complete employment records</li>\r\n</ul>\r\n\r\n<p>&nbsp;</p>\r\n\r\n<p><strong>Step 5: QUALIFICATION</strong></p>\r\n\r\n<p>&nbsp;&nbsp;&nbsp;&nbsp;&nbsp;&nbsp;&nbsp;&nbsp;&nbsp;&nbsp;&nbsp; Click &lsquo;<em>add your academic records</em><em>&rsquo;</em> button to fill in the appropriate academic records</p>\r\n\r\n<p><strong>Step 6: REFEREES</strong></p>\r\n\r\n<ul>\r\n	<li>Click &lsquo;<em>add referees&rsquo;</em> button to fill information of &nbsp;the two (2) referees required</li>\r\n	<li>Then select &lsquo;create&rsquo;</li>\r\n</ul>\r\n\r\n<p><strong>Step 7: DOCUMENTS</strong></p>\r\n\r\n<ul>\r\n	<li>Click &lsquo;upload attachments&rsquo; button to select and upload appropriate documents</li>\r\n</ul>\r\n\r\n<p>&nbsp;</p>\r\n\r\n<p><strong>Step 8: SUBMISSION AND DECLARATION</strong></p>\r\n','<p><strong>Lake Victoria Fisheris Organization Secretariate</strong></p>\r\n\r\n<p><strong>Plot 7B/7E -&nbsp; Bell Avenue</strong></p>\r\n\r\n<p><strong>P.O. Box 1625</strong></p>\r\n\r\n<p><strong>Jinja - Uganda</strong></p>\r\n\r\n<p><strong>Telephone: +256 434 125 000</strong></p>\r\n\r\n<p><strong>Email: <a href=\"mailto:lvfo-sec@lvfo.org\">lvfo-sec@lvfo.org</a></strong></p>\r\n\r\n<p>&nbsp;</p>\r\n','<!--<p><strong>WELCOME TO LVFO HUMAN RESOURCE AND ADMINISTRATION MANAGEMENT AND INFORMATION SYSTEM</strong></p>-->\r\n<p>Lake Victoria Fisheries Organisation has developed a system that will enable the Management and the office of Human Resource to easily execute their Administrative and Management tasks.</p>\r\n\r\n<p>The system has the following modules</p>\r\n\r\n<ul>\r\n	<li>Payroll Module</li>\r\n	<li>Requisition Module</li>\r\n	<li>Budget Performance Monitoring Module</li>\r\n	<li>Leave Application Module</li>\r\n</ul>\r\n\r\n<p>More modules are expected to be added in the future.</p>\r\n\r\n<p>&nbsp;</p>\r\n\r\n<p>&nbsp;</p>\r\n','<p><strong>The international applicant pays a non-refundable application fee of US $45&nbsp;in the form of a telegraphic transfer, net of the bank&rsquo;s remittance charges.</strong></p>\r\n\r\n<p>Deposit all fees into the University of Dar es Salaam <strong>NBC Bank Account number 012105005554</strong> (UDSM branch) OR <strong>CRDB Account number 01J088967000</strong> (UDSM Branch) and submit/upload the <strong>original pay-in slip</strong>.&nbsp; For those using telegraphic transfer the Swift Code is NLCBTZTX for NBC Bank and CORUTZTZ for CRDB Bank</p>\r\n\r\n<p><strong>Local Applicants pays a non-refundable application fee of&nbsp;TShs. 10,000/= through Mobile Systems (MPesa, Tigo Pesa, Airtel Money etc) by following instructions in the system.&nbsp;</strong></p>\r\n','<p>&nbsp;Foreign Students application fee of USD. 50.00 &nbsp;(Fifty US Dollar only)&nbsp; is payable using the SWIFT code: <strong>NLCBTZTX </strong>through A/C Number: 012105005554 University of Dar es Salaam, &nbsp;NBC Bank, Samora Branch. &nbsp;</p>\r\n',2,15,1,3,NULL,NULL,'','','','','','','',NULL,'<p>Dear <strong>{fullname}</strong>,</p>\r\n\r\n<p>You have just created an account in our UDSM online Application and Admission System. To activate the created account please click the following link:</p>\r\n\r\n<p>{url}</p>\r\n\r\n<p>If the link does not work, copy and paste into browser address bar.</p>\r\n\r\n<p>Just igore this message if you think is an error.</p>\r\n\r\n<p>Regards,</p>\r\n\r\n<p><strong>UDSM Admission System</strong></p>\r\n','<p>Dear&nbsp; <strong>{referee}</strong>,</p>\r\n\r\n<p><strong>{applicant}&nbsp; </strong>has applied for {programme} studies at the University of dar es salaam and has mentioned you as one of his/her referees. We are requesting&nbsp; more information from you regarding this applicant by filling a form accessible through the following link:<br />\r\n<br />\r\n{url}</p>\r\n\r\n<p>If the link is not clickable, kindly copy it and paste onto browser&#39;s address bar.&nbsp; We will appreciate to receive your feedback before 15th, September&nbsp;2018.&nbsp;<br />\r\n<br />\r\nWith thanks,<br />\r\n<br />\r\nDirector of Postgraduate studies,<br />\r\nUniversity of dar es salaam.</p>\r\n','','','','<p>Dear <strong>{fullname}</strong>,</p>\r\n\r\n<p>Your application fee payment has been confirmed, please proceed with the next steps of application.</p>\r\n\r\n<p>Best Regards,</p>\r\n\r\n<p><strong>UDSM Admission System</strong></p>\r\n','<p>Congratulations <strong>{fullname}</strong>!</p>\r\n\r\n<p>You have successfully created and activated your account. After you have logged into Admission System, click on the &quot;<strong>My Application</strong>&quot;&nbsp; link and carefully complete all the steps , from step 1 to the last one.<br />\r\ni.e:</p>\r\n\r\n<ol>\r\n	<li>Completing your profile</li>\r\n	<li>Pay application Fee</li>\r\n</ol>\r\n\r\n<p>etc.</p>\r\n\r\n<p>Sincerely,</p>\r\n\r\n<p><strong>UDSM Admission System</strong></p>\r\n','',1,'<p>Applications&nbsp;Currently Closed</p>\r\n',1,'<p><span style=\"color:#e74c3c\">Applications&nbsp;Currently Closed</span></p>\r\n','UD','P89vISdXns5RaOZ6k4KE',1,1,'<p style=\"margin-left:0cm; margin-right:0cm; text-align:center\"><span style=\"font-size:20px\"><strong>UNIVERSITY OF DAR ES SALAAM</strong></span><br />\r\nOFFICE OF THE DEPUTY VICE CHANCELLOR<br />\r\nACADEMIC</p>\r\n\r\n<p style=\"margin-left:0cm; margin-right:0cm; text-align:center\"><strong>DIRECTORATE OF UNDERGRADUATE STUDIES</strong><br />\r\nP.O. BOX 35091, DAR ES SALAAM -TANZANIA</p>\r\n\r\n<p style=\"margin-left:0cm; margin-right:0cm; text-align:center\">&nbsp;</p>\r\n\r\n<table border=\"0\" cellpadding=\"1\" cellspacing=\"1\" style=\"height:28px; width:929px\">\r\n	<tbody>\r\n		<tr>\r\n			<td><span style=\"font-size:16px\"><em><span style=\"font-family:&quot;Times New Roman&quot;,serif\">Telephone: 255-022-2410500 Ext. 2019/2057&nbsp;&nbsp;&nbsp;&nbsp;&nbsp;&nbsp;&nbsp;&nbsp;&nbsp;&nbsp;&nbsp;&nbsp;&nbsp;&nbsp;&nbsp;&nbsp;&nbsp;&nbsp;&nbsp;&nbsp;&nbsp;&nbsp;&nbsp;&nbsp;&nbsp;<br />\r\n			Direct Line: 255-022-2410544/2410513<br />\r\n			Telefax: 255-022-2410078</span></em></span><br />\r\n			<span style=\"font-size:18px\"><span style=\"font-family:&quot;Times New Roman&quot;,serif\"><strong>Our Ref</strong>: </span>{reg_number}</span><span style=\"font-size:16px\">&nbsp;</span></td>\r\n			<td><img alt=\"\" src=\"http://localhost/admission/web/img/institution/institution_logo.png\" style=\"height:113px; width:111px\" /></td>\r\n			<td>\r\n			<p style=\"margin-left:0cm; margin-right:0cm\"><span style=\"font-size:16px\"><em><span style=\"font-family:&quot;Calibri&quot;,sans-serif\"><span style=\"font-family:&quot;Times New Roman&quot;,serif\">&nbsp;&nbsp; Telegraphic Address: UNIVERSITY OF DAR ES SALAAM<br />\r\n			&nbsp;&nbsp; E-Mail: dus@admin.udsm.ac.tz</span></span><br />\r\n			<span style=\"font-family:&quot;Times New Roman&quot;,serif\">&nbsp;&nbsp; Website Address: </span></em><span style=\"font-family:&quot;Calibri&quot;,sans-serif\"><em><a href=\"http://www.udsm.ac.tz\"><span style=\"font-family:&quot;Times New Roman&quot;,serif\"><span style=\"color:blue\">www.udsm.ac.tz</span></span></a></em><br />\r\n			<strong><span style=\"font-family:&quot;Times New Roman&quot;,serif\">&nbsp;&nbsp; October 24, 2018</span></strong></span></span></p>\r\n			</td>\r\n		</tr>\r\n	</tbody>\r\n</table>\r\n\r\n<p style=\"margin-left:0cm; margin-right:0cm\">{fullname}<br />\r\n{indexno}<br />\r\n{address}</p>\r\n\r\n<p style=\"margin-left:0cm; margin-right:0cm\">&nbsp;</p>\r\n\r\n<p style=\"margin-left:0cm; margin-right:0cm\"><strong>Dear <em>{surname}</em>,</strong></p>\r\n\r\n<p style=\"margin-left:0cm; margin-right:0cm; text-align:center\"><u><strong>RE: ADMISSION</strong></u></p>\r\n\r\n<p style=\"margin-left:0cm; margin-right:0cm; text-align:justify\">I am pleased to inform you that you have been offered a place at the University of Dar es Salaam for the academic year <strong>2018/2019 </strong>to pursue a course of study leading to the award of <strong>{programme}</strong><strong>&nbsp; ({programme_code}).</strong><br />\r\nYou are required to register with the University within two weeks from the first day of orientation week which starts on <strong>November 3, 2018. </strong>Failure to do so will consequently lead to your place being forfeited and offered to another candidate.&nbsp; Deferment of the course to another academic year is not allowed.</p>\r\n\r\n<p style=\"margin-left:0cm; margin-right:0cm; text-align:justify\">This offer is provisional, as it is subject to satisfactory verification by the office of the Principals of Colleges, Deans of Schools and Directors of teaching Institutes at the time of registration of the qualifications you have stated in the application forms. For the purpose of registration, you must complete University Registration Form &ldquo;A&rdquo; (enclosed) as well as bring with you the following:-</p>\r\n\r\n<p style=\"margin-left:0cm; margin-right:0cm; text-align:justify\">a) Original and two photocopies of Certificate of Secondary Education Examination (C.S.E.E.), Advanced Certificate of Secondary Education Examination (A.C.S.E.E.) or Diploma/Degree Certificate (or their equivalents).</p>\r\n\r\n<p style=\"margin-left:0cm; margin-right:0cm; text-align:justify\">b) Two up-to-date passport size photographs bearing your name, registration number and course of study at the back.</p>\r\n\r\n<p style=\"margin-left:0cm; margin-right:0cm; text-align:justify\">c) Original and two photocopies of birth certificate certified under the Birth and Deaths Registration Ordinance.</p>\r\n\r\n<p style=\"margin-left:0cm; margin-right:0cm; text-align:justify\">The Office of the Principals of Colleges/Deans of Schools/Directors of teaching Institutes will also verify other material information provided by you in the application forms as replies to the questions posed in the said forms. It should be noted that it is an offence to submit false information for admission. Cases of impersonation and falsification of documents discovered either at the stage of registration or afterwards will lead to automatic cancellation of admission and a report on the discovery will be submitted to competent authorities for legal prosecution.</p>\r\n\r\n<p style=\"margin-left:0cm; margin-right:0cm; text-align:justify\"><strong>RESIDENTIAL ACCOMMODATION</strong></p>\r\n\r\n<p style=\"margin-left:0cm; margin-right:0cm; text-align:justify\">The space in the Halls of Residence is very limited and, as a result, campus accommodation is therefore not guaranteed, except to foreign and physically handicapped students.</p>\r\n\r\n<p style=\"margin-left:0cm; margin-right:0cm; text-align:justify\"><strong>MEDICAL EXAMINATION</strong><br />\r\nYou are required to undergo medical examination by a registered Medical Practitioner. Admission in the University of Dar es Salaam will depend upon receiving a satisfactory Medical Report (Form B enclosed).</p>\r\n\r\n<p style=\"margin-left:0cm; margin-right:0cm; text-align:justify\"><strong>RESIDENCE PERMIT</strong><br />\r\nAll foreign students are required to apply for a Residence Permit from their nearest Tanzanian Embassy before they depart for Tanzania.</p>\r\n\r\n<p style=\"margin-left:0cm; margin-right:0cm; text-align:justify\"><strong>IDENTITY CARD</strong><br />\r\nA Student Identity Card will be issued to you after you have completed University registration formalities and only then will you be allowed to use University facilities.</p>\r\n\r\n<p style=\"margin-left:0cm; margin-right:0cm; text-align:justify\">Finally, I wish to take this opportunity to congratulate you for this offer and to wish you a happy stay and success in your studies at this University.</p>\r\n\r\n<p style=\"margin-left:0cm; margin-right:0cm; text-align:justify\">Yours faithfully,</p>\r\n\r\n<p style=\"margin-left:0cm; margin-right:0cm\"><img alt=\"\" src=\"http://localhost/admission/web/img/institution/signature.jpg\" style=\"height:46px; width:80px\" /></p>\r\n\r\n<p style=\"margin-left:0cm; margin-right:0cm; text-align:justify\">Dr. Egbert Mujuni</p>\r\n\r\n<p style=\"margin-left:0cm; margin-right:0cm; text-align:justify\"><strong>Director of Undergraduate Studies</strong></p>\r\n\r\n<p style=\"margin-left:0cm; margin-right:0cm; text-align:justify\"><strong>Encls</strong>: Registration Form &ldquo;A&rdquo;, Medical Examination Form &ldquo;B&rdquo;, (these have to be filled and submitted during registration), Fresher&rsquo;s Joining Instructions and UDSM Revised Fee Structure.</p>\r\n\r\n<p>&nbsp;</p>\r\n\r\n<p style=\"margin-left:0cm; margin-right:0cm\">&nbsp;</p>\r\n\r\n<p>&nbsp;</p>\r\n','<p style=\"margin-left:0cm; margin-right:0cm; text-align:center\"><strong>UNIVERSITY OF DAR ES SALAAM</strong><br />\r\nOFFICE OF THE DEPUTY VICE CHANCELLOR<br />\r\nACADEMIC</p>\r\n\r\n<p style=\"margin-left:0cm; margin-right:0cm; text-align:center\"><strong>DIRECTORATE OF UNDERGRADUATE STUDIES</strong><br />\r\nP.O. BOX 35091, DAR ES SALAAM -TANZANIA</p>\r\n\r\n<p style=\"margin-left:0cm; margin-right:0cm; text-align:center\">&nbsp;</p>\r\n\r\n<table border=\"0\" cellpadding=\"1\" cellspacing=\"1\" style=\"height:28px; width:929px\">\r\n	<tbody>\r\n		<tr>\r\n			<td><em>Telephone: 255-022-2410500 Ext. 2019/2057&nbsp;&nbsp;&nbsp;&nbsp;&nbsp;&nbsp;&nbsp;&nbsp;&nbsp;&nbsp;&nbsp;&nbsp;&nbsp;&nbsp;&nbsp;&nbsp;&nbsp;&nbsp;&nbsp;&nbsp;&nbsp;&nbsp;&nbsp;&nbsp;&nbsp;<br />\r\n			Direct Line: 255-022-2410544/2410513<br />\r\n			Telefax: 255-022-2410078</em><br />\r\n			<strong>Our Ref</strong>: {reg_number}&nbsp;</td>\r\n			<td><img alt=\"\" src=\"http://localhost/admission/web/img/institution/institution_logo.png\" style=\"height:113px; width:111px\" /></td>\r\n			<td>\r\n			<p style=\"margin-left:0cm; margin-right:0cm\"><em>&nbsp;&nbsp; Telegraphic Address: UNIVERSITY OF DAR ES SALAAM<br />\r\n			&nbsp;&nbsp; E-Mail: dus@admin.udsm.ac.tz<br />\r\n			&nbsp;&nbsp; Website Address: </em><em><a href=\"http://www.udsm.ac.tz\"><span style=\"color:blue\">www.udsm.ac.tz</span></a></em><br />\r\n			<strong>&nbsp;&nbsp; October 24, 2018</strong></p>\r\n			</td>\r\n		</tr>\r\n	</tbody>\r\n</table>\r\n\r\n<p style=\"margin-left:0cm; margin-right:0cm\">{fullname}<br />\r\n{indexno}<br />\r\n{address}</p>\r\n\r\n<p style=\"margin-left:0cm; margin-right:0cm\">&nbsp;</p>\r\n\r\n<p style=\"margin-left:0cm; margin-right:0cm\"><strong>Dear <em>{surname}</em>,</strong></p>\r\n\r\n<p style=\"margin-left:0cm; margin-right:0cm; text-align:center\"><u><strong>RE: ADMISSION</strong></u></p>\r\n\r\n<p style=\"margin-left:0cm; margin-right:0cm; text-align:justify\">I am pleased to inform you that you have been offered a place at the University of Dar es Salaam for the academic year <strong>2018/2019 </strong>to pursue a course of study leading to the award of <strong>{programme}</strong><strong>&nbsp; ({programme_code}).</strong><br />\r\nYou are required to register with the University within two weeks from the first day of orientation week which starts on <strong>November 3, 2018. </strong>Failure to do so will consequently lead to your place being forfeited and offered to another candidate.&nbsp; Deferment of the course to another academic year is not allowed.</p>\r\n\r\n<p style=\"margin-left:0cm; margin-right:0cm; text-align:justify\">This offer is provisional, as it is subject to satisfactory verification by the office of the Principals of Colleges, Deans of Schools and Directors of teaching Institutes at the time of registration of the qualifications you have stated in the application forms. For the purpose of registration, you must complete University Registration Form &ldquo;A&rdquo; (enclosed) as well as bring with you the following:-</p>\r\n\r\n<p style=\"margin-left:0cm; margin-right:0cm; text-align:justify\">a) Original and two photocopies of Certificate of Secondary Education Examination (C.S.E.E.), Advanced Certificate of Secondary Education Examination (A.C.S.E.E.) or Diploma/Degree Certificate (or their equivalents).</p>\r\n\r\n<p style=\"margin-left:0cm; margin-right:0cm; text-align:justify\">b) Two up-to-date passport size photographs bearing your name, registration number and course of study at the back.</p>\r\n\r\n<p style=\"margin-left:0cm; margin-right:0cm; text-align:justify\">c) Original and two photocopies of birth certificate certified under the Birth and Deaths Registration Ordinance.</p>\r\n\r\n<p style=\"margin-left:0cm; margin-right:0cm; text-align:justify\">The Office of the Principals of Colleges/Deans of Schools/Directors of teaching Institutes will also verify other material information provided by you in the application forms as replies to the questions posed in the said forms. It should be noted that it is an offence to submit false information for admission. Cases of impersonation and falsification of documents discovered either at the stage of registration or afterwards will lead to automatic cancellation of admission and a report on the discovery will be submitted to competent authorities for legal prosecution.</p>\r\n\r\n<p style=\"margin-left:0cm; margin-right:0cm; text-align:justify\"><strong>RESIDENTIAL ACCOMMODATION</strong></p>\r\n\r\n<p style=\"margin-left:0cm; margin-right:0cm; text-align:justify\">The space in the Halls of Residence is very limited and, as a result, campus accommodation is therefore not guaranteed, except to foreign and physically handicapped students.</p>\r\n\r\n<p style=\"margin-left:0cm; margin-right:0cm; text-align:justify\"><strong>MEDICAL EXAMINATION</strong><br />\r\nYou are required to undergo medical examination by a registered Medical Practitioner. Admission in the University of Dar es Salaam will depend upon receiving a satisfactory Medical Report (Form B enclosed).</p>\r\n\r\n<p style=\"margin-left:0cm; margin-right:0cm; text-align:justify\"><strong>RESIDENCE PERMIT</strong><br />\r\nAll foreign students are required to apply for a Residence Permit from their nearest Tanzanian Embassy before they depart for Tanzania.</p>\r\n\r\n<p style=\"margin-left:0cm; margin-right:0cm; text-align:justify\"><strong>IDENTITY CARD</strong><br />\r\nA Student Identity Card will be issued to you after you have completed University registration formalities and only then will you be allowed to use University facilities.</p>\r\n\r\n<p style=\"margin-left:0cm; margin-right:0cm; text-align:justify\">Finally, I wish to take this opportunity to congratulate you for this offer and to wish you a happy stay and success in your studies at this University.</p>\r\n\r\n<p style=\"margin-left:0cm; margin-right:0cm; text-align:justify\">Yours faithfully,</p>\r\n\r\n<p style=\"margin-left:0cm; margin-right:0cm\"><img alt=\"\" src=\"http://localhost/admission/web/img/institution/signature.jpg\" style=\"height:46px; width:80px\" /></p>\r\n\r\n<p style=\"margin-left:0cm; margin-right:0cm; text-align:justify\">Dr. Egbert Mujuni</p>\r\n\r\n<p style=\"margin-left:0cm; margin-right:0cm; text-align:justify\"><strong>Director of Undergraduate Studies</strong></p>\r\n\r\n<p style=\"margin-left:0cm; margin-right:0cm; text-align:justify\"><strong>Encls</strong>: Registration Form &ldquo;A&rdquo;, Medical Examination Form &ldquo;B&rdquo;, (these have to be filled and submitted during registration), Fresher&rsquo;s Joining Instructions and UDSM Revised Fee Structure.</p>\r\n\r\n<p>&nbsp;</p>\r\n\r\n<p style=\"margin-left:0cm; margin-right:0cm\">&nbsp;</p>\r\n\r\n<p>&nbsp;</p>\r\n',0,0,NULL,NULL,'2020-04-11 18:43:15',7);
/*!40000 ALTER TABLE `institution` ENABLE KEYS */;
UNLOCK TABLES;

--
-- Table structure for table `institution_structure`
--

DROP TABLE IF EXISTS `institution_structure`;
/*!40101 SET @saved_cs_client     = @@character_set_client */;
/*!40101 SET character_set_client = utf8 */;
CREATE TABLE `institution_structure` (
  `id` int(11) NOT NULL AUTO_INCREMENT,
  `institution_name` varchar(150) NOT NULL,
  `institution_acronym` varchar(70) NOT NULL,
  `code` varchar(40) NOT NULL,
  `parent_institution_structure_id` int(11) NOT NULL DEFAULT '0',
  `institution_type_id` smallint(6) NOT NULL,
  `is_active` int(11) NOT NULL,
  `phone` varchar(100) NOT NULL,
  `fax` varchar(100) NOT NULL,
  `email` varchar(100) NOT NULL,
  `website` varchar(100) NOT NULL,
  `post_office_box` varchar(100) NOT NULL,
  `region` varchar(100) NOT NULL,
  `country` varchar(100) NOT NULL,
  `logo` varchar(100) NOT NULL,
  `logo_file_id` int(11) DEFAULT NULL,
  `logo2` varchar(100) NOT NULL,
  `logo2_file_id` int(11) DEFAULT NULL,
  `created_by` int(11) DEFAULT NULL,
  `created_at` datetime DEFAULT NULL,
  `updated_by` int(11) DEFAULT NULL,
  `updated_at` datetime DEFAULT NULL,
  PRIMARY KEY (`id`),
  UNIQUE KEY `code` (`code`),
  KEY `institution_type_id` (`institution_type_id`),
  KEY `institution_type_id_2` (`institution_type_id`),
  CONSTRAINT `institution_structure_ibfk_1` FOREIGN KEY (`institution_type_id`) REFERENCES `institution_type` (`id`)
) ENGINE=InnoDB AUTO_INCREMENT=36 DEFAULT CHARSET=latin1;
/*!40101 SET character_set_client = @saved_cs_client */;

--
-- Dumping data for table `institution_structure`
--

LOCK TABLES `institution_structure` WRITE;
/*!40000 ALTER TABLE `institution_structure` DISABLE KEYS */;
INSERT INTO `institution_structure` VALUES (1,'Lake Victoria Fisheries Organisation','LVFO','0610000',0,5,1,'+256 434 125 000','+256 434 125 000','lvfo-sec@lvfo.org','lvfo.org','P.o.Box 35062','Jinja ','Uganda','uploads/institution-logos/lvfo.png',5,'uploads/institution-logos/lvfo.png',6,NULL,NULL,7,'2020-01-29 08:32:49'),(2,'Office Of The Executive Secretary','OES','0611000',1,6,1,'+256 434 125 000','10201001','lvfo-sec@lvfo.org','lvfo.org','Box 1625','Jinja','Uganda','uploads/institution-logos/default-logo.jpg',NULL,'uploads/institution-logos/default-logo.jpg',NULL,NULL,NULL,7,'2020-01-29 08:51:21'),(3,'Directorate - Executive Secretary - Virtual','DESV','0611100',2,7,1,'+256 434 125 000','','lvfo-sec@lvfo.org','lvfo.org','Box 1625','Jinja','Uganda','',NULL,'',NULL,NULL,NULL,NULL,NULL),(4,'Executive Secretarys Office ','ESO','0611110',3,8,1,'+256 434 125 000','','lvfo-sec@lvfo.org','lvfo.org','Box 1625','Jinja','Uganda','',NULL,'',NULL,NULL,NULL,NULL,NULL),(5,'Internal Audit ','IA','0611120',3,8,1,'+256 434 125 000','10201001','lvfo-sec@lvfo.org','lvfo.org','Box 1625','Jinja','Uganda','uploads/institution-logos/default-logo.jpg',NULL,'uploads/institution-logos/default-logo.jpg',NULL,NULL,NULL,7,'2020-01-29 08:18:35'),(6,'Public Affairs and International Relations','PAIR','0611130',3,8,1,'+256 434 125 000','','lvfo-sec@lvfo.org','lvfo.org','Box 1625','Jinja','Uganda','',NULL,'',NULL,NULL,NULL,NULL,NULL),(7,'Resource Mobilization','RM','0611140',3,8,1,'+256 434 125 000','','lvfo-sec@lvfo.org','lvfo.org','Box 1625','Jinja','Uganda','',NULL,'',NULL,NULL,NULL,NULL,NULL),(8,'Information, Communications and Technology','DICT','0611200',2,7,1,'+256 434 125 000','10201001','lvfo-sec@lvfo.org','lvfo.org','Box 1625','Jinja','Uganda','uploads/institution-logos/default-logo.jpg',NULL,'uploads/institution-logos/default-logo.jpg',NULL,NULL,NULL,7,'2020-01-29 08:50:47'),(9,'Networks Management and Cyber Security','NCS','0611220',8,8,1,'+256 434 125 000','','lvfo-sec@lvfo.org','lvfo.org','Box 1625','Jinja','Uganda','',NULL,'',NULL,NULL,NULL,NULL,NULL),(10,'New Technology and Projects','NTP','0611230',8,8,1,'+256 434 125 000','','lvfo-sec@lvfo.org','lvfo.org','Box 1625','Jinja','Uganda','',NULL,'',NULL,NULL,NULL,NULL,NULL),(11,'Library and Documentation','LD','0611240',8,8,1,'+256 434 125 000','','lvfo-sec@lvfo.org','lvfo.org','Box 1625','Jinja','Uganda','',NULL,'',NULL,NULL,NULL,NULL,NULL),(12,'Communications and Outreach','CO','0611250',8,8,1,'+256 434 125 000','','lvfo-sec@lvfo.org','lvfo.org','Box 1625','Jinja','Uganda','',NULL,'',NULL,NULL,NULL,NULL,NULL),(13,'Information Systems Management','ISM','0611210',8,8,1,'+256 434 125 000','10201001','lvfo-sec@lvfo.org','lvfo.org','Box 1625','Jinja','Uganda','uploads/institution-logos/default-logo.jpg',NULL,'uploads/institution-logos/default-logo.jpg',NULL,NULL,NULL,7,'2020-01-29 08:51:03'),(14,'Finance and Administration','FA','0611300',2,7,1,'+256 434 125 000','10201001','lvfo-sec@lvfo.org','lvfo.org','Box 1625','Jinja','Uganda','uploads/institution-logos/default-logo.jpg',NULL,'uploads/institution-logos/default-logo.jpg',NULL,NULL,NULL,7,'2020-01-29 08:54:02'),(15,'Finance','FINAN','061130',14,8,1,'+256 434 125 000','','lvfo-sec@lvfo.org','lvfo.org','Box 1625','Jinja','Uganda','',NULL,'',NULL,NULL,NULL,NULL,NULL),(16,'Administration','ADMIN','0611330',14,8,1,'+256 434 125 000','','lvfo-sec@lvfo.org','lvfo.org','Box 1625','Jinja','Uganda','',NULL,'',NULL,NULL,NULL,NULL,NULL),(17,'Human Resource','HR','0611340',14,8,1,'+256 434 125 000','','lvfo-sec@lvfo.org','lvfo.org','Box 1625','Jinja','Uganda','',NULL,'',NULL,NULL,NULL,NULL,NULL),(18,'Office Of The Deputy Executive Secretary','DES','0612000',1,6,1,'+256 434 125 000','','lvfo-sec@lvfo.org','lvfo.org','Box 1625','Jinja','Uganda','',NULL,'',NULL,NULL,NULL,NULL,NULL),(19,'Directorate - Deputy Executive Secretary - Virtual','DDES','0612100',18,7,1,'+256 434 125 000','10201001','lvfo-sec@lvfo.org','lvfo.org','Box 1625','Jinja','Uganda','uploads/institution-logos/default-logo.jpg',NULL,'uploads/institution-logos/default-logo.jpg',NULL,NULL,NULL,7,'2020-02-02 06:04:31'),(20,'Deputy Executive Secretarys Office','DESO','0612110',19,8,1,'+256 434 125 000','','lvfo-sec@lvfo.org','lvfo.org','Box 1625','Jinja','Uganda','',NULL,'',NULL,NULL,NULL,NULL,NULL),(21,'Programme Planning','IA','0612130',19,8,1,'+256 434 125 000','','lvfo-sec@lvfo.org','lvfo.org','Box 1625','Jinja','Uganda','',NULL,'',NULL,NULL,NULL,NULL,NULL),(22,'Fisheries Management and Development','FMD','0612200',18,7,1,'+256 434 125 000','','lvfo-sec@lvfo.org','lvfo.org','Box 1625','Jinja','Uganda','',NULL,'',NULL,NULL,NULL,NULL,NULL),(23,'Fisheries Policies and Legal Framework','FPLF','0612210',22,8,1,'+256 434 125 000','','lvfo-sec@lvfo.org','lvfo.org','Box 1625','Jinja','Uganda','',NULL,'',NULL,NULL,NULL,NULL,NULL),(24,'Fisheries Development','FD','061220',22,8,1,'+256 434 125 000','','lvfo-sec@lvfo.org','lvfo.org','Box 1625','Jinja','Uganda','',NULL,'',NULL,NULL,NULL,NULL,NULL),(25,'Monitoring, Control and Surveillance (MCS) ','MCS','0612230',22,8,1,'+256 434 125 000','','lvfo-sec@lvfo.org','lvfo.org','Box 1625','Jinja','Uganda','',NULL,'',NULL,NULL,NULL,NULL,NULL),(26,'Fisheries Co-Management','FCM','0612240',22,8,1,'+256 434 125 000','','lvfo-sec@lvfo.org','lvfo.org','Box 1625','Jinja','Uganda','',NULL,'',NULL,NULL,NULL,NULL,NULL),(27,'Fisheries Resources Monitoring and Research','FRMR','0612300',22,8,1,'+256 434 125 000','','lvfo-sec@lvfo.org','lvfo.org','Box 1625','Jinja','Uganda','',NULL,'',NULL,NULL,NULL,NULL,NULL),(28,'Fisheries and Aquaculture Research','FAR','0612320',22,8,1,'+256 434 125 000','','lvfo-sec@lvfo.org','lvfo.org','Box 1625','Jinja','Uganda','',NULL,'',NULL,NULL,NULL,NULL,NULL),(29,'Fisheries and Aquaculture Statistics','FAS','0612330',22,8,1,'+256 434 125 000','','lvfo-sec@lvfo.org','lvfo.org','Box 1625','Jinja','Uganda','',NULL,'',NULL,NULL,NULL,NULL,NULL),(30,'Aquaculture Management and Development','AMD','0612400',18,7,1,'+256 434 125 000','10201001','lvfo-sec@lvfo.org','lvfo.org','Box 1625','Jinja','Uganda','uploads/institution-logos/default-logo.jpg',NULL,'uploads/institution-logos/default-logo.jpg',NULL,NULL,NULL,7,'2020-02-09 16:44:31'),(31,'Aquaculture Management','AM','0612410',30,8,1,'+256 434 125 000','10201001','lvfo-sec@lvfo.org','lvfo.org','Box 1625','Jinja','Uganda','uploads/institution-logos/default-logo.jpg',NULL,'uploads/institution-logos/default-logo.jpg',NULL,NULL,NULL,7,'2020-02-09 16:44:53'),(32,'Aquaculture Development','AMD','0612420',30,8,1,'+256 434 125 000','10201001','lvfo-sec@lvfo.org','lvfo.org','Box 1625','Jinja','Uganda','uploads/institution-logos/default-logo.jpg',NULL,'uploads/institution-logos/default-logo.jpg',NULL,NULL,NULL,7,'2020-02-09 16:44:21'),(33,'Fish Quality Assurance and Marketing','FQAM','0612500',18,7,1,'+256 434 125 000','','lvfo-sec@lvfo.org','lvfo.org','Box 1625','Jinja','Uganda','',NULL,'',NULL,NULL,NULL,NULL,NULL),(34,'Fish Quality Assurance','FQA','0612510',33,8,1,'+256 434 125 000','','lvfo-sec@lvfo.org','lvfo.org','Box 1625','Jinja','Uganda','',NULL,'',NULL,NULL,NULL,NULL,NULL),(35,'Post Harvest and Value Addition','FQM','0612530',33,8,1,'+256 434 125 000','','lvfo-sec@lvfo.org','lvfo.org','Box 1625','Jinja','Uganda','',NULL,'',NULL,NULL,NULL,NULL,NULL);
/*!40000 ALTER TABLE `institution_structure` ENABLE KEYS */;
UNLOCK TABLES;

--
-- Table structure for table `institution_type`
--

DROP TABLE IF EXISTS `institution_type`;
/*!40101 SET @saved_cs_client     = @@character_set_client */;
/*!40101 SET character_set_client = utf8 */;
CREATE TABLE `institution_type` (
  `id` smallint(6) NOT NULL AUTO_INCREMENT,
  `institution_type_name` varchar(150) NOT NULL,
  `rank` smallint(6) NOT NULL,
  `is_active` int(11) NOT NULL,
  `created_by` int(11) DEFAULT NULL,
  `created_at` datetime DEFAULT NULL,
  `updated_by` int(11) DEFAULT NULL,
  `updated_at` datetime DEFAULT NULL,
  PRIMARY KEY (`id`)
) ENGINE=InnoDB AUTO_INCREMENT=9 DEFAULT CHARSET=latin1;
/*!40101 SET character_set_client = @saved_cs_client */;

--
-- Dumping data for table `institution_type`
--

LOCK TABLES `institution_type` WRITE;
/*!40000 ALTER TABLE `institution_type` DISABLE KEYS */;
INSERT INTO `institution_type` VALUES (5,'Institution/Organ',1,1,NULL,NULL,7,'2020-01-27 19:04:45'),(6,'Office',2,1,NULL,NULL,7,'2020-01-28 13:20:03'),(7,'Directorate',3,1,NULL,NULL,7,'2020-01-28 13:20:07'),(8,'Cost Centre',4,1,NULL,NULL,7,'2020-01-28 13:20:12');
/*!40000 ALTER TABLE `institution_type` ENABLE KEYS */;
UNLOCK TABLES;

--
-- Table structure for table `is_member`
--

DROP TABLE IF EXISTS `is_member`;
/*!40101 SET @saved_cs_client     = @@character_set_client */;
/*!40101 SET character_set_client = utf8 */;
CREATE TABLE `is_member` (
  `id` int(11) NOT NULL AUTO_INCREMENT,
  `user_id` int(11) NOT NULL,
  `group_id` int(11) NOT NULL,
  `created_at` timestamp NULL DEFAULT NULL,
  `created_by` int(11) DEFAULT NULL,
  `is_active` int(11) DEFAULT '1',
  `deactivated_by` int(11) DEFAULT NULL,
  `deactivated_at` timestamp NULL DEFAULT NULL,
  PRIMARY KEY (`id`)
) ENGINE=InnoDB AUTO_INCREMENT=64 DEFAULT CHARSET=latin1;
/*!40101 SET character_set_client = @saved_cs_client */;

--
-- Dumping data for table `is_member`
--

LOCK TABLES `is_member` WRITE;
/*!40000 ALTER TABLE `is_member` DISABLE KEYS */;
INSERT INTO `is_member` VALUES (23,9,3,'2020-03-24 11:17:34',7,1,NULL,NULL),(24,10,3,'2020-03-24 11:17:36',7,1,NULL,NULL),(25,11,3,'2020-03-24 11:17:37',7,1,NULL,NULL),(26,12,3,'2020-03-24 11:17:39',7,1,NULL,NULL),(27,13,3,'2020-03-24 11:17:45',7,1,NULL,NULL),(31,14,3,'2020-03-24 12:50:25',7,1,NULL,NULL),(32,8,3,'2020-03-25 11:31:17',7,1,NULL,NULL),(48,15,3,'2020-03-27 10:31:52',7,1,NULL,NULL),(52,7,1,'2020-03-28 10:07:05',7,1,NULL,NULL),(55,10,8,'2020-03-28 19:33:25',7,1,NULL,NULL),(62,14,2,'2020-03-31 15:24:59',7,1,NULL,NULL);
/*!40000 ALTER TABLE `is_member` ENABLE KEYS */;
UNLOCK TABLES;

--
-- Table structure for table `login`
--

DROP TABLE IF EXISTS `login`;
/*!40101 SET @saved_cs_client     = @@character_set_client */;
/*!40101 SET character_set_client = utf8 */;
CREATE TABLE `login` (
  `id` int(11) NOT NULL AUTO_INCREMENT,
  `user_id` int(11) NOT NULL,
  `ip_address` varchar(128) NOT NULL,
  `browser` varchar(512) NOT NULL,
  `login_at` datetime NOT NULL,
  PRIMARY KEY (`id`)
) ENGINE=InnoDB AUTO_INCREMENT=96 DEFAULT CHARSET=latin1;
/*!40101 SET character_set_client = @saved_cs_client */;

--
-- Dumping data for table `login`
--

LOCK TABLES `login` WRITE;
/*!40000 ALTER TABLE `login` DISABLE KEYS */;
INSERT INTO `login` VALUES (1,7,'::1','Mozilla/5.0 (X11; Linux x86_64) AppleWebKit/537.36 (KHTML, like Gecko) Chrome/80.0.3987.116 Safari/537.36','2020-03-24 12:42:30'),(2,14,'::1','Mozilla/5.0 (X11; Linux x86_64) AppleWebKit/537.36 (KHTML, like Gecko) Chrome/80.0.3987.116 Safari/537.36','2020-03-24 12:49:26'),(3,7,'::1','Mozilla/5.0 (X11; Linux x86_64) AppleWebKit/537.36 (KHTML, like Gecko) Chrome/80.0.3987.116 Safari/537.36','2020-03-24 12:50:18'),(4,14,'::1','Mozilla/5.0 (X11; Linux x86_64) AppleWebKit/537.36 (KHTML, like Gecko) Chrome/80.0.3987.116 Safari/537.36','2020-03-24 12:50:35'),(5,7,'::1','Mozilla/5.0 (X11; Linux x86_64) AppleWebKit/537.36 (KHTML, like Gecko) Chrome/80.0.3987.116 Safari/537.36','2020-03-24 12:52:19'),(6,7,'::1','Mozilla/5.0 (X11; Linux x86_64) AppleWebKit/537.36 (KHTML, like Gecko) Chrome/80.0.3987.116 Safari/537.36','2020-03-25 05:51:32'),(7,7,'::1','Mozilla/5.0 (X11; Linux x86_64) AppleWebKit/537.36 (KHTML, like Gecko) Chrome/80.0.3987.116 Safari/537.36','2020-03-25 08:29:14'),(8,7,'::1','Mozilla/5.0 (X11; Linux x86_64) AppleWebKit/537.36 (KHTML, like Gecko) Chrome/80.0.3987.116 Safari/537.36','2020-03-25 10:28:23'),(9,7,'::1','Mozilla/5.0 (X11; Linux x86_64) AppleWebKit/537.36 (KHTML, like Gecko) Chrome/80.0.3987.149 Safari/537.36','2020-03-25 19:57:23'),(10,7,'::1','Mozilla/5.0 (X11; Linux x86_64) AppleWebKit/537.36 (KHTML, like Gecko) Chrome/80.0.3987.149 Safari/537.36','2020-03-25 20:25:32'),(11,7,'::1','Mozilla/5.0 (X11; Linux x86_64) AppleWebKit/537.36 (KHTML, like Gecko) Chrome/80.0.3987.149 Safari/537.36','2020-03-26 12:02:04'),(12,7,'::1','Mozilla/5.0 (X11; Linux x86_64) AppleWebKit/537.36 (KHTML, like Gecko) Chrome/80.0.3987.149 Safari/537.36','2020-03-26 14:37:46'),(13,7,'::1','Mozilla/5.0 (X11; Linux x86_64) AppleWebKit/537.36 (KHTML, like Gecko) Chrome/80.0.3987.149 Safari/537.36','2020-03-26 14:38:24'),(14,7,'::1','Mozilla/5.0 (X11; Linux x86_64) AppleWebKit/537.36 (KHTML, like Gecko) Chrome/80.0.3987.149 Safari/537.36','2020-03-26 14:42:09'),(15,7,'::1','Mozilla/5.0 (X11; Linux x86_64) AppleWebKit/537.36 (KHTML, like Gecko) Chrome/80.0.3987.149 Safari/537.36','2020-03-26 14:43:21'),(16,8,'::1','Mozilla/5.0 (X11; Linux x86_64) AppleWebKit/537.36 (KHTML, like Gecko) Chrome/80.0.3987.149 Safari/537.36','2020-03-26 14:46:56'),(17,7,'::1','Mozilla/5.0 (X11; Linux x86_64) AppleWebKit/537.36 (KHTML, like Gecko) Chrome/80.0.3987.149 Safari/537.36','2020-03-26 14:47:57'),(18,7,'::1','Mozilla/5.0 (X11; Linux x86_64) AppleWebKit/537.36 (KHTML, like Gecko) Chrome/80.0.3987.149 Safari/537.36','2020-03-26 15:40:16'),(19,7,'::1','Mozilla/5.0 (X11; Linux x86_64) AppleWebKit/537.36 (KHTML, like Gecko) Chrome/80.0.3987.149 Safari/537.36','2020-03-26 15:42:29'),(20,7,'::1','Mozilla/5.0 (X11; Linux x86_64) AppleWebKit/537.36 (KHTML, like Gecko) Chrome/80.0.3987.149 Safari/537.36','2020-03-26 16:03:59'),(21,7,'::1','Mozilla/5.0 (X11; Linux x86_64) AppleWebKit/537.36 (KHTML, like Gecko) Chrome/80.0.3987.149 Safari/537.36','2020-03-26 16:04:22'),(22,7,'::1','Mozilla/5.0 (X11; Linux x86_64) AppleWebKit/537.36 (KHTML, like Gecko) Chrome/80.0.3987.149 Safari/537.36','2020-03-26 16:05:00'),(23,7,'::1','Mozilla/5.0 (X11; Linux x86_64) AppleWebKit/537.36 (KHTML, like Gecko) Chrome/80.0.3987.149 Safari/537.36','2020-03-27 06:40:41'),(24,7,'::1','Mozilla/5.0 (X11; Linux x86_64) AppleWebKit/537.36 (KHTML, like Gecko) Chrome/80.0.3987.149 Safari/537.36','2020-03-27 06:44:22'),(25,14,'::1','Mozilla/5.0 (X11; Linux x86_64) AppleWebKit/537.36 (KHTML, like Gecko) Chrome/80.0.3987.149 Safari/537.36','2020-03-27 07:25:10'),(26,7,'::1','Mozilla/5.0 (X11; Linux x86_64) AppleWebKit/537.36 (KHTML, like Gecko) Chrome/80.0.3987.149 Safari/537.36','2020-03-27 07:26:22'),(27,15,'::1','Mozilla/5.0 (X11; Linux x86_64) AppleWebKit/537.36 (KHTML, like Gecko) Chrome/80.0.3987.149 Safari/537.36','2020-03-27 12:07:56'),(28,7,'::1','Mozilla/5.0 (X11; Linux x86_64) AppleWebKit/537.36 (KHTML, like Gecko) Chrome/80.0.3987.149 Safari/537.36','2020-03-27 12:51:53'),(29,14,'::1','Mozilla/5.0 (X11; Linux x86_64) AppleWebKit/537.36 (KHTML, like Gecko) Chrome/80.0.3987.149 Safari/537.36','2020-03-27 12:54:40'),(30,7,'::1','Mozilla/5.0 (X11; Linux x86_64) AppleWebKit/537.36 (KHTML, like Gecko) Chrome/80.0.3987.149 Safari/537.36','2020-03-27 12:58:06'),(31,8,'::1','Mozilla/5.0 (X11; Linux x86_64) AppleWebKit/537.36 (KHTML, like Gecko) Chrome/80.0.3987.149 Safari/537.36','2020-03-27 13:02:07'),(32,8,'::1','Mozilla/5.0 (X11; Linux x86_64) AppleWebKit/537.36 (KHTML, like Gecko) Chrome/80.0.3987.149 Safari/537.36','2020-03-27 13:02:23'),(33,14,'::1','Mozilla/5.0 (X11; Linux x86_64) AppleWebKit/537.36 (KHTML, like Gecko) Chrome/80.0.3987.149 Safari/537.36','2020-03-27 13:02:41'),(34,7,'127.0.0.1','Mozilla/5.0 (X11; Ubuntu; Linux x86_64; rv:74.0) Gecko/20100101 Firefox/74.0','2020-03-27 13:05:05'),(35,7,'::1','Mozilla/5.0 (X11; Linux x86_64) AppleWebKit/537.36 (KHTML, like Gecko) Chrome/80.0.3987.149 Safari/537.36','2020-03-28 09:53:57'),(36,9,'::1','Mozilla/5.0 (X11; Linux x86_64) AppleWebKit/537.36 (KHTML, like Gecko) Chrome/80.0.3987.149 Safari/537.36','2020-03-28 09:55:07'),(37,7,'::1','Mozilla/5.0 (X11; Linux x86_64) AppleWebKit/537.36 (KHTML, like Gecko) Chrome/80.0.3987.149 Safari/537.36','2020-03-28 09:56:51'),(38,7,'::1','Mozilla/5.0 (X11; Linux x86_64) AppleWebKit/537.36 (KHTML, like Gecko) Chrome/80.0.3987.149 Safari/537.36','2020-03-28 10:26:40'),(39,7,'::1','Mozilla/5.0 (X11; Linux x86_64) AppleWebKit/537.36 (KHTML, like Gecko) Chrome/80.0.3987.149 Safari/537.36','2020-03-28 15:33:10'),(40,7,'::1','Mozilla/5.0 (X11; Linux x86_64) AppleWebKit/537.36 (KHTML, like Gecko) Chrome/80.0.3987.149 Safari/537.36','2020-03-28 19:18:44'),(41,7,'::1','Mozilla/5.0 (X11; Linux x86_64) AppleWebKit/537.36 (KHTML, like Gecko) Chrome/80.0.3987.149 Safari/537.36','2020-03-28 20:17:32'),(42,14,'::1','Mozilla/5.0 (X11; Linux x86_64) AppleWebKit/537.36 (KHTML, like Gecko) Chrome/80.0.3987.149 Safari/537.36','2020-03-28 20:24:53'),(43,7,'::1','Mozilla/5.0 (X11; Linux x86_64) AppleWebKit/537.36 (KHTML, like Gecko) Chrome/80.0.3987.149 Safari/537.36','2020-03-28 20:25:32'),(44,7,'::1','Mozilla/5.0 (X11; Linux x86_64) AppleWebKit/537.36 (KHTML, like Gecko) Chrome/80.0.3987.149 Safari/537.36','2020-03-28 20:26:37'),(45,7,'::1','Mozilla/5.0 (X11; Linux x86_64) AppleWebKit/537.36 (KHTML, like Gecko) Chrome/80.0.3987.149 Safari/537.36','2020-03-29 10:20:53'),(46,7,'::1','Mozilla/5.0 (X11; Linux x86_64) AppleWebKit/537.36 (KHTML, like Gecko) Chrome/80.0.3987.149 Safari/537.36','2020-03-29 10:21:55'),(47,8,'::1','Mozilla/5.0 (X11; Linux x86_64) AppleWebKit/537.36 (KHTML, like Gecko) Chrome/80.0.3987.149 Safari/537.36','2020-03-29 11:34:38'),(48,7,'::1','Mozilla/5.0 (X11; Linux x86_64) AppleWebKit/537.36 (KHTML, like Gecko) Chrome/80.0.3987.149 Safari/537.36','2020-03-29 11:42:25'),(49,7,'::1','Mozilla/5.0 (X11; Linux x86_64) AppleWebKit/537.36 (KHTML, like Gecko) Chrome/80.0.3987.149 Safari/537.36','2020-03-29 11:50:21'),(50,8,'::1','Mozilla/5.0 (X11; Linux x86_64) AppleWebKit/537.36 (KHTML, like Gecko) Chrome/80.0.3987.149 Safari/537.36','2020-03-29 11:51:09'),(51,8,'::1','Mozilla/5.0 (X11; Linux x86_64) AppleWebKit/537.36 (KHTML, like Gecko) Chrome/80.0.3987.149 Safari/537.36','2020-03-29 11:54:26'),(52,7,'::1','Mozilla/5.0 (X11; Linux x86_64) AppleWebKit/537.36 (KHTML, like Gecko) Chrome/80.0.3987.149 Safari/537.36','2020-03-29 12:12:05'),(53,8,'::1','Mozilla/5.0 (X11; Linux x86_64) AppleWebKit/537.36 (KHTML, like Gecko) Chrome/80.0.3987.149 Safari/537.36','2020-03-29 12:12:38'),(54,8,'::1','Mozilla/5.0 (X11; Linux x86_64) AppleWebKit/537.36 (KHTML, like Gecko) Chrome/80.0.3987.149 Safari/537.36','2020-03-29 12:52:08'),(55,7,'::1','Mozilla/5.0 (X11; Linux x86_64) AppleWebKit/537.36 (KHTML, like Gecko) Chrome/80.0.3987.149 Safari/537.36','2020-03-29 13:02:48'),(56,8,'::1','Mozilla/5.0 (X11; Linux x86_64) AppleWebKit/537.36 (KHTML, like Gecko) Chrome/80.0.3987.149 Safari/537.36','2020-03-29 13:34:50'),(57,7,'::1','Mozilla/5.0 (X11; Linux x86_64) AppleWebKit/537.36 (KHTML, like Gecko) Chrome/80.0.3987.149 Safari/537.36','2020-03-29 13:37:54'),(58,8,'::1','Mozilla/5.0 (X11; Linux x86_64) AppleWebKit/537.36 (KHTML, like Gecko) Chrome/80.0.3987.149 Safari/537.36','2020-03-29 13:40:06'),(59,7,'::1','Mozilla/5.0 (X11; Linux x86_64) AppleWebKit/537.36 (KHTML, like Gecko) Chrome/80.0.3987.149 Safari/537.36','2020-03-29 13:41:56'),(60,8,'::1','Mozilla/5.0 (X11; Linux x86_64) AppleWebKit/537.36 (KHTML, like Gecko) Chrome/80.0.3987.149 Safari/537.36','2020-03-29 13:42:30'),(61,8,'::1','Mozilla/5.0 (X11; Linux x86_64) AppleWebKit/537.36 (KHTML, like Gecko) Chrome/80.0.3987.149 Safari/537.36','2020-03-29 13:43:45'),(62,7,'127.0.0.1','Mozilla/5.0 (X11; Ubuntu; Linux x86_64; rv:74.0) Gecko/20100101 Firefox/74.0','2020-03-29 13:47:27'),(63,8,'::1','Mozilla/5.0 (X11; Linux x86_64) AppleWebKit/537.36 (KHTML, like Gecko) Chrome/80.0.3987.149 Safari/537.36','2020-03-29 13:48:03'),(64,7,'127.0.0.1','Mozilla/5.0 (X11; Ubuntu; Linux x86_64; rv:74.0) Gecko/20100101 Firefox/74.0','2020-03-29 14:30:12'),(65,7,'::1','Mozilla/5.0 (X11; Linux x86_64) AppleWebKit/537.36 (KHTML, like Gecko) Chrome/80.0.3987.149 Safari/537.36','2020-03-29 15:07:11'),(66,8,'::1','Mozilla/5.0 (X11; Linux x86_64) AppleWebKit/537.36 (KHTML, like Gecko) Chrome/80.0.3987.149 Safari/537.36','2020-03-29 15:22:24'),(67,7,'127.0.0.1','Mozilla/5.0 (X11; Ubuntu; Linux x86_64; rv:74.0) Gecko/20100101 Firefox/74.0','2020-03-29 15:24:45'),(68,7,'127.0.0.1','Mozilla/5.0 (X11; Ubuntu; Linux x86_64; rv:74.0) Gecko/20100101 Firefox/74.0','2020-03-29 16:15:39'),(69,8,'::1','Mozilla/5.0 (X11; Linux x86_64) AppleWebKit/537.36 (KHTML, like Gecko) Chrome/80.0.3987.149 Safari/537.36','2020-03-29 16:16:10'),(70,7,'::1','Mozilla/5.0 (X11; Linux x86_64) AppleWebKit/537.36 (KHTML, like Gecko) Chrome/80.0.3987.149 Safari/537.36','2020-03-29 16:58:29'),(71,8,'::1','Mozilla/5.0 (X11; Linux x86_64) AppleWebKit/537.36 (KHTML, like Gecko) Chrome/80.0.3987.149 Safari/537.36','2020-03-29 16:58:55'),(72,7,'::1','Mozilla/5.0 (X11; Linux x86_64) AppleWebKit/537.36 (KHTML, like Gecko) Chrome/80.0.3987.149 Safari/537.36','2020-03-29 20:05:43'),(73,7,'::1','Mozilla/5.0 (X11; Linux x86_64) AppleWebKit/537.36 (KHTML, like Gecko) Chrome/80.0.3987.149 Safari/537.36','2020-03-30 16:39:33'),(74,7,'::1','Mozilla/5.0 (X11; Linux x86_64) AppleWebKit/537.36 (KHTML, like Gecko) Chrome/80.0.3987.149 Safari/537.36','2020-03-31 15:22:35'),(75,7,'::1','Mozilla/5.0 (X11; Linux x86_64) AppleWebKit/537.36 (KHTML, like Gecko) Chrome/80.0.3987.149 Safari/537.36','2020-03-31 19:15:51'),(76,7,'::1','Mozilla/5.0 (X11; Linux x86_64) AppleWebKit/537.36 (KHTML, like Gecko) Chrome/80.0.3987.149 Safari/537.36','2020-04-03 08:45:17'),(77,14,'::1','Mozilla/5.0 (X11; Linux x86_64) AppleWebKit/537.36 (KHTML, like Gecko) Chrome/80.0.3987.149 Safari/537.36','2020-04-03 08:58:36'),(78,7,'::1','Mozilla/5.0 (X11; Linux x86_64) AppleWebKit/537.36 (KHTML, like Gecko) Chrome/80.0.3987.149 Safari/537.36','2020-04-03 09:03:58'),(79,14,'::1','Mozilla/5.0 (X11; Linux x86_64) AppleWebKit/537.36 (KHTML, like Gecko) Chrome/80.0.3987.149 Safari/537.36','2020-04-03 09:05:07'),(80,7,'::1','Mozilla/5.0 (X11; Linux x86_64) AppleWebKit/537.36 (KHTML, like Gecko) Chrome/80.0.3987.149 Safari/537.36','2020-04-03 09:06:45'),(81,7,'127.0.0.1','Mozilla/5.0 (X11; Ubuntu; Linux x86_64; rv:74.0) Gecko/20100101 Firefox/74.0','2020-04-03 09:34:03'),(82,7,'::1','Mozilla/5.0 (X11; Linux x86_64) AppleWebKit/537.36 (KHTML, like Gecko) Chrome/80.0.3987.149 Safari/537.36','2020-04-03 13:22:39'),(83,7,'::1','Mozilla/5.0 (X11; Linux x86_64) AppleWebKit/537.36 (KHTML, like Gecko) Chrome/80.0.3987.149 Safari/537.36','2020-04-07 07:58:59'),(84,7,'::1','Mozilla/5.0 (X11; Linux x86_64) AppleWebKit/537.36 (KHTML, like Gecko) Chrome/80.0.3987.149 Safari/537.36','2020-04-07 11:21:40'),(85,7,'::1','Mozilla/5.0 (X11; Linux x86_64) AppleWebKit/537.36 (KHTML, like Gecko) Chrome/80.0.3987.149 Safari/537.36','2020-04-07 20:50:03'),(86,7,'::1','Mozilla/5.0 (X11; Linux x86_64) AppleWebKit/537.36 (KHTML, like Gecko) Chrome/80.0.3987.149 Safari/537.36','2020-04-08 06:17:14'),(87,7,'::1','Mozilla/5.0 (X11; Linux x86_64) AppleWebKit/537.36 (KHTML, like Gecko) Chrome/80.0.3987.149 Safari/537.36','2020-04-08 11:51:51'),(88,7,'::1','Mozilla/5.0 (X11; Linux x86_64) AppleWebKit/537.36 (KHTML, like Gecko) Chrome/80.0.3987.149 Safari/537.36','2020-04-09 06:38:17'),(89,7,'::1','Mozilla/5.0 (X11; Linux x86_64) AppleWebKit/537.36 (KHTML, like Gecko) Chrome/80.0.3987.149 Safari/537.36','2020-04-09 08:38:24'),(90,7,'::1','Mozilla/5.0 (X11; Linux x86_64) AppleWebKit/537.36 (KHTML, like Gecko) Chrome/80.0.3987.149 Safari/537.36','2020-04-09 12:24:19'),(91,7,'::1','Mozilla/5.0 (X11; Linux x86_64) AppleWebKit/537.36 (KHTML, like Gecko) Chrome/80.0.3987.149 Safari/537.36','2020-04-09 16:41:46'),(92,7,'::1','Mozilla/5.0 (X11; Linux x86_64) AppleWebKit/537.36 (KHTML, like Gecko) Chrome/80.0.3987.149 Safari/537.36','2020-04-10 06:40:39'),(93,7,'::1','Mozilla/5.0 (X11; Linux x86_64) AppleWebKit/537.36 (KHTML, like Gecko) Chrome/80.0.3987.149 Safari/537.36','2020-04-11 15:20:00'),(94,7,'::1','Mozilla/5.0 (X11; Linux x86_64) AppleWebKit/537.36 (KHTML, like Gecko) Chrome/80.0.3987.149 Safari/537.36','2020-04-11 15:27:17'),(95,7,'::1','Mozilla/5.0 (X11; Linux x86_64) AppleWebKit/537.36 (KHTML, like Gecko) Chrome/80.0.3987.149 Safari/537.36','2020-04-11 15:42:45');
/*!40000 ALTER TABLE `login` ENABLE KEYS */;
UNLOCK TABLES;

--
-- Table structure for table `period`
--

DROP TABLE IF EXISTS `period`;
/*!40101 SET @saved_cs_client     = @@character_set_client */;
/*!40101 SET character_set_client = utf8 */;
CREATE TABLE `period` (
  `id` int(11) NOT NULL AUTO_INCREMENT,
  `code` varchar(128) NOT NULL,
  `name` varchar(50) NOT NULL,
  `time_unit_id` int(11) NOT NULL,
  `weight` double(22,2) NOT NULL,
  `is_active` int(11) NOT NULL,
  `created_at` datetime NOT NULL,
  `created_by` int(11) DEFAULT NULL,
  `updated_at` datetime DEFAULT NULL,
  `updated_by` int(11) DEFAULT NULL,
  PRIMARY KEY (`id`),
  UNIQUE KEY `code` (`code`)
) ENGINE=InnoDB AUTO_INCREMENT=3 DEFAULT CHARSET=latin1;
/*!40101 SET character_set_client = @saved_cs_client */;

--
-- Dumping data for table `period`
--

LOCK TABLES `period` WRITE;
/*!40000 ALTER TABLE `period` DISABLE KEYS */;
INSERT INTO `period` VALUES (1,'PERIOD_QUARTERLY','Quarterly',5,3.00,1,'2019-10-15 14:04:17',7,'2019-10-15 14:10:34',NULL),(2,'PERIOD_YEARLY','Yearly',5,12.00,1,'2019-10-15 18:37:04',7,'2019-10-15 18:37:11',NULL);
/*!40000 ALTER TABLE `period` ENABLE KEYS */;
UNLOCK TABLES;

--
-- Table structure for table `salutation`
--

DROP TABLE IF EXISTS `salutation`;
/*!40101 SET @saved_cs_client     = @@character_set_client */;
/*!40101 SET character_set_client = utf8 */;
CREATE TABLE `salutation` (
  `id` int(11) NOT NULL AUTO_INCREMENT,
  `name` varchar(5) NOT NULL,
  `description` varchar(128) NOT NULL,
  `is_active` int(11) DEFAULT '1',
  `created_at` timestamp NULL DEFAULT NULL,
  `created_by` int(11) DEFAULT NULL,
  `updated_at` datetime DEFAULT NULL,
  `updated_by` int(11) DEFAULT NULL,
  PRIMARY KEY (`id`),
  UNIQUE KEY `name` (`name`)
) ENGINE=InnoDB AUTO_INCREMENT=9 DEFAULT CHARSET=latin1;
/*!40101 SET character_set_client = @saved_cs_client */;

--
-- Dumping data for table `salutation`
--

LOCK TABLES `salutation` WRITE;
/*!40000 ALTER TABLE `salutation` DISABLE KEYS */;
INSERT INTO `salutation` VALUES (1,'Mr','Mister',1,'2019-07-09 17:34:39',1,'2019-07-10 03:58:46',1),(3,'Sir','Sir',1,'2019-07-09 18:38:47',1,NULL,NULL),(4,'Madam','Madam',1,'2019-07-09 18:39:23',1,NULL,NULL),(5,'Miss','Miss',1,'2019-07-10 00:59:10',1,NULL,NULL),(6,'Dr','Doctor',1,'2019-07-10 00:59:23',1,NULL,NULL),(7,'Eng','Engineer',1,'2019-07-10 00:59:37',1,NULL,NULL),(8,'Prof','Professor',1,'2019-07-10 01:00:54',1,NULL,NULL);
/*!40000 ALTER TABLE `salutation` ENABLE KEYS */;
UNLOCK TABLES;

--
-- Table structure for table `system_route`
--

DROP TABLE IF EXISTS `system_route`;
/*!40101 SET @saved_cs_client     = @@character_set_client */;
/*!40101 SET character_set_client = utf8 */;
CREATE TABLE `system_route` (
  `id` int(11) NOT NULL AUTO_INCREMENT,
  `module` varchar(128) DEFAULT NULL,
  `controller` varchar(128) NOT NULL,
  `action` varchar(128) NOT NULL,
  `pretty_name` varchar(128) NOT NULL,
  `is_active` int(11) NOT NULL DEFAULT '1',
  `created_at` timestamp NULL DEFAULT NULL,
  `created_by` int(11) NOT NULL,
  `updated_at` timestamp NULL DEFAULT NULL,
  `updated_by` int(11) DEFAULT NULL,
  PRIMARY KEY (`id`),
  UNIQUE KEY `module` (`module`,`controller`,`action`)
) ENGINE=InnoDB AUTO_INCREMENT=172 DEFAULT CHARSET=latin1;
/*!40101 SET character_set_client = @saved_cs_client */;

--
-- Dumping data for table `system_route`
--

LOCK TABLES `system_route` WRITE;
/*!40000 ALTER TABLE `system_route` DISABLE KEYS */;
INSERT INTO `system_route` VALUES (1,'','system-route','index','[System Route] View all',1,'2020-02-01 13:23:11',7,'2020-02-02 12:22:58',1),(2,'','system-route','create','[System Route] Create',1,'2020-02-01 13:23:21',7,'2020-02-02 12:22:58',1),(3,'','system-route','update','[System Route] Update',1,'2020-02-01 13:23:30',7,'2020-02-02 12:22:58',1),(4,'','system-route','view','[System Route] View',1,'2020-02-01 13:23:42',7,'2020-02-02 12:22:58',1),(5,'','system-route','delete','[System Route] Delete',1,'2020-02-01 13:23:54',7,'2020-02-02 12:22:58',1),(6,'','user','index','[User] View all',1,'2020-02-01 13:27:19',7,'2020-02-02 12:22:58',1),(7,'','user','create','[User] Create',1,'2020-02-01 13:27:33',7,'2020-02-02 12:22:58',1),(8,'','user','update','[User] Update',1,'2020-02-01 13:27:41',7,'2020-02-02 12:22:58',1),(9,'','user','view','[User] View',1,'2020-02-01 13:27:53',7,'2020-02-02 12:22:58',1),(10,'','user','delete','[User] Delete',1,'2020-02-01 13:28:10',7,'2020-02-02 12:22:58',1),(11,'','user-group','index','[User Group] View all',1,'2020-02-01 17:54:47',7,'2020-02-02 12:22:58',1),(12,'','user-group','create','[User Group] Create',1,'2020-02-01 17:54:54',7,'2020-02-02 12:22:58',1),(13,'','user-group','update','[User Group] Update',1,'2020-02-01 17:55:05',7,'2020-02-02 12:22:58',1),(14,'','user-group','view','[User Group] View',1,'2020-02-01 17:55:12',7,'2020-02-02 12:22:58',1),(15,'','user-group','delete','[User Group] Delete',1,'2020-02-01 17:55:25',7,'2020-02-02 12:22:58',1),(16,'','identity-type','index','[Identity Type] View all',1,'2020-02-01 17:58:10',7,'2020-02-02 12:22:58',1),(17,'','identity-type','create','[Identity Type] Create',1,'2020-02-01 17:58:18',7,'2020-02-02 12:22:58',1),(18,'','identity-type','update','[Identity Type] Update',1,'2020-02-01 17:58:27',7,'2020-02-02 12:22:58',1),(19,'','identity-type','view','[Identity Type] View',1,'2020-02-01 17:58:44',7,'2020-02-02 12:22:58',1),(20,'','identity-type','delete','[Identity Type] Delete',1,'2020-02-01 17:58:52',7,'2020-02-02 12:22:59',1),(38,'','currency','index','[Currency] View All',1,'2020-03-22 14:10:05',7,NULL,NULL),(39,'','currency','view','[Currency] View',1,'2020-03-22 14:10:23',7,'2020-03-22 14:10:34',7),(40,'','currency','update','[Currency] Create',1,'2020-03-22 14:10:55',7,NULL,NULL),(41,'','currency','delete','[Currency] Delete',1,'2020-03-22 14:11:25',7,NULL,NULL),(47,'','employee-contract','index','[Employee Contract] View All',1,'2020-03-22 14:14:30',7,NULL,NULL),(48,'','employee-contract','view','[Employee Contract] View',1,'2020-03-22 14:14:47',7,NULL,NULL),(49,'','employee-contract','create','[Employee Contract] Create',1,'2020-03-22 14:15:07',7,NULL,NULL),(50,'','employee-contract','update','[Employee Contract] Update',1,'2020-03-22 14:15:37',7,NULL,NULL),(51,'','employee','index','[Employee] View All',1,'2020-03-22 14:16:43',7,NULL,NULL),(52,'','employee','view','[Employee] View',1,'2020-03-22 14:17:38',7,NULL,NULL),(53,'','employee','create','[Employee] Create',1,'2020-03-22 14:18:25',7,NULL,NULL),(54,'','employee','update','[Employee] Update',1,'2020-03-22 14:18:45',7,NULL,NULL),(55,'','employee','delete','[Employee] Delete',1,'2020-03-22 14:19:16',7,NULL,NULL),(56,'','employee','load-contract','[Employee] Load Contract',1,'2020-03-22 14:21:08',7,NULL,NULL),(57,'','employee','view-contract','[Employee] View Contract',1,'2020-03-22 14:21:43',7,NULL,NULL),(58,'','employee','update-contract','[Employee] Update Contract',1,'2020-03-22 14:22:42',7,NULL,NULL),(59,'','employee','compute-contract-duration','[Employee] Compute Contract Duration',1,'2020-03-22 14:25:26',7,NULL,NULL),(60,'','employee','create-specific-allowance','[Employee] Create Specific Allowance',1,'2020-03-22 14:26:21',7,NULL,NULL),(61,'','employee','create-specific-deduction','[Employee] Create Specific Deduction',1,'2020-03-22 14:27:14',7,NULL,NULL),(62,'','employee','create-other-allowance','[Employee] Create Other Allowance',1,'2020-03-22 14:27:49',7,NULL,NULL),(63,'','employee','create-other-deduction','[Employee] Create Other Deduction',1,'2020-03-22 14:28:55',7,NULL,NULL),(64,'','employee','find-specific-allowance','[Employee] Find Specific Allowance',1,'2020-03-22 14:30:20',7,NULL,NULL),(65,'','employee','find-specific-deduction','[Employee] Find Specific Deduction',1,'2020-03-22 14:30:57',7,NULL,NULL),(66,'','employee','find-other-allowance','[Employee] Find Other Allowance',1,'2020-03-22 14:32:16',7,NULL,NULL),(67,'','employee','find-other-deduction','[Employee] Find Other Deduction',1,'2020-03-22 14:32:53',7,NULL,NULL),(68,'','employee','update-specific-allowance','[Employee] Update Specific Allowance',1,'2020-03-22 14:33:45',7,NULL,NULL),(69,'','employee','update-specific-deduction','[Employee] Update Specific Deduction',1,'2020-03-22 14:34:24',7,NULL,NULL),(70,'','employee','update-other-allowance','[Employee] Update Other Allowance',1,'2020-03-22 14:35:14',7,NULL,NULL),(71,'','employee','update-other-deduction','[Employee] Update Other Deduction',1,'2020-03-22 14:35:47',7,NULL,NULL),(72,'','employee','close-contract','[Employee] Close Contract',1,'2020-03-22 14:36:30',7,NULL,NULL),(73,'','employee','load-currency','[Employee] Load Currency',1,'2020-03-22 14:36:59',7,NULL,NULL),(74,'','employee','load-gratuity-amount','[Employee] Load Gratuity Amount',1,'2020-03-22 14:37:50',7,NULL,NULL),(75,'','employee','load-basic-salary','[Employee] Load Basic Salary',1,'2020-03-22 14:38:32',7,NULL,NULL),(76,'','employee','create-salary-distribution','[Employee] Create Salary Distribution',1,'2020-03-22 14:39:18',7,NULL,NULL),(77,'','employee','update-salary-distribution','[Employee] Update Salary Distribution',1,'2020-03-22 14:39:56',7,NULL,NULL),(78,'','employee','find-salary-distribution','[Employee] Find Salary Distribution',1,'2020-03-22 14:40:46',7,NULL,NULL),(79,'','employee','load-remaining-amount','[Employee] Load Remaining Amount',1,'2020-03-22 14:41:30',7,NULL,NULL),(80,'','employee','load-other-allowance-total-amount','[Employee] Load Other Allowance Total Amount',1,'2020-03-22 14:42:14',7,NULL,NULL),(81,'','employee','load-other-deduction-total-amount','[Employee] Load Other Deduction Total Amount',1,'2020-03-22 14:43:03',7,NULL,NULL),(82,'','employee','load-other-allowance-end-date','[Employee] Load Other Allowance End Date',1,'2020-03-22 14:43:45',7,NULL,NULL),(83,'','employee','load-other-deduction-end-date','[Employee] Load Other Deduction End Date',1,'2020-03-22 14:44:23',7,NULL,NULL),(84,'','employee','load-supporting-document','[Employee] Load Supporting Document',1,'2020-03-22 14:45:00',7,NULL,NULL),(85,'','employee-grade','index','[Employee Grade] View All',1,'2020-03-22 14:45:53',7,NULL,NULL),(86,'','employee-grade','view','[Employee Grade] View',1,'2020-03-22 14:46:09',7,NULL,NULL),(87,'','employee-grade','update','[Employee Grade] Update',1,'2020-03-22 14:46:28',7,NULL,NULL),(88,'','employee-grade','create','[Employee Grade] Create',1,'2020-03-22 14:46:52',7,NULL,NULL),(89,'','employee-grade','delete','[Employee Grade] Delete',1,'2020-03-22 14:47:22',7,NULL,NULL),(90,'','institution','index','[Institution] View All',1,'2020-03-22 14:48:46',7,NULL,NULL),(91,'','institution','view','[Institution] View',1,'2020-03-22 14:49:07',7,NULL,NULL),(92,'','institution','create','[Institution] Create',1,'2020-03-22 14:49:23',7,NULL,NULL),(93,'','institution','delete','[Institution] Delete',1,'2020-03-22 14:49:39',7,NULL,NULL),(94,'','institution-structure','index','[Institution Structure] View All',1,'2020-03-22 14:50:33',7,NULL,NULL),(95,'','institution-structure','view','[Institution Structure] View',1,'2020-03-22 14:50:48',7,NULL,NULL),(96,'','institution-structure','update','[Institution Structure] Update',1,'2020-03-22 14:51:18',7,NULL,NULL),(97,'','institution-structure','create','[Institution Structure] Create',1,'2020-03-22 14:51:46',7,NULL,NULL),(98,'','institution-structure','delete','[Institution Structure] Delete',1,'2020-03-22 14:52:13',7,NULL,NULL),(99,'','institution-type','index','[Institution Type] View All',1,'2020-03-22 14:52:55',7,NULL,NULL),(100,'','institution-type','view','[Institution Type] View',1,'2020-03-22 14:53:19',7,NULL,NULL),(101,'','institution-type','create','[Institution Type] Create',1,'2020-03-22 14:53:42',7,NULL,NULL),(102,'','institution-type','update','[Institution Type] Update',1,'2020-03-22 14:54:06',7,NULL,NULL),(103,'','institution-type','delete','[Institution Type] Delete',1,'2020-03-22 14:54:26',7,NULL,NULL),(111,'','period','index','[Period] View All',1,'2020-03-22 15:15:40',7,NULL,NULL),(112,'','period','create','[Period] Create',1,'2020-03-22 15:16:02',7,NULL,NULL),(113,'','period','view','[Period] View',1,'2020-03-22 15:16:31',7,NULL,NULL),(114,'','period','update','[Period] Update',1,'2020-03-22 15:16:53',7,NULL,NULL),(115,'','period','delete','[Period] Delete',1,'2020-03-22 15:17:13',7,NULL,NULL),(145,'','salutation','index','[Salutation] View All',1,'2020-03-23 19:27:53',7,NULL,NULL),(146,'','salutation','view','[Salutation] View',1,'2020-03-23 19:28:14',7,NULL,NULL),(147,'','salutation','create','[Salutation] Create',1,'2020-03-23 19:28:38',7,NULL,NULL),(148,'','salutation','update','[Salutation] Update',1,'2020-03-23 19:29:51',7,NULL,NULL),(149,'','salutation','delete','[Salutation] Delete',1,'2020-03-23 19:30:15',7,NULL,NULL),(150,'','site','index','[Site] Home',1,'2020-03-23 19:31:41',7,NULL,NULL),(151,'','site','login','[Site] Login',0,'2020-03-23 19:32:07',7,NULL,NULL),(152,'','site','logout','[Site] Logout',0,'2020-03-23 19:32:36',7,'2020-03-23 19:32:45',7),(153,'','site','log-me-out','[Site] Log Me Out',1,'2020-03-23 19:33:17',7,NULL,NULL),(154,'','time-unit','index','[Time Unit] View All',1,'2020-03-23 19:34:13',7,NULL,NULL),(155,'','time-unit','view','[Time Unit] View',1,'2020-03-23 19:34:27',7,NULL,NULL),(156,'','time-unit','create','[Time Unit] Create',1,'2020-03-23 19:34:45',7,NULL,NULL),(157,'','time-unit','update','[Time Unit] Update',1,'2020-03-23 19:34:59',7,NULL,NULL),(158,'','time-unit','delete','[Time Unit] Delete',1,'2020-03-23 19:35:22',7,NULL,NULL),(159,'','user-group','update-access','[User Group] Update Access',1,'2020-03-24 08:41:38',7,NULL,NULL),(160,'','user-group','update-membership','[User Group] Update Membership',1,'2020-03-24 09:34:02',7,NULL,NULL),(161,'','user-group','update-indexes','[User Group] Update Indexes',1,'2020-03-24 09:52:31',7,NULL,NULL),(162,'','user','my-profile','[User] My Profile',1,'2020-03-24 11:09:06',7,'2020-03-24 11:09:55',7),(163,'','institution','update','[Institution] Update',1,'2020-03-25 07:24:11',7,NULL,NULL),(164,'','user','load-default-pages','[User] Load Default Pages',1,'2020-03-25 11:59:10',7,NULL,NULL),(165,'','user','reset-password','[User] Reset Password',1,'2020-03-26 12:35:43',7,NULL,NULL),(166,'','user','make-default-page','[User] Make Default Page',1,'2020-03-26 14:09:13',7,NULL,NULL),(168,'','user-group','clone','[User Group] Clone',1,'2020-03-27 07:33:57',7,NULL,NULL),(169,'','user','generate-password','[User] Generate Password',1,'2020-03-29 11:14:48',7,NULL,NULL),(170,'','user','update-password','[User] Update Password',1,'2020-03-29 11:44:21',7,NULL,NULL),(171,'','user','inactive','[User] Inactive',1,'2020-04-03 08:54:02',7,NULL,NULL);
/*!40000 ALTER TABLE `system_route` ENABLE KEYS */;
UNLOCK TABLES;

--
-- Table structure for table `user`
--

DROP TABLE IF EXISTS `user`;
/*!40101 SET @saved_cs_client     = @@character_set_client */;
/*!40101 SET character_set_client = utf8 */;
CREATE TABLE `user` (
  `id` int(11) NOT NULL AUTO_INCREMENT,
  `username` varchar(128) NOT NULL,
  `password` varchar(256) NOT NULL,
  `auth_key` varchar(128) NOT NULL,
  `access_token` varchar(128) NOT NULL,
  `salutation` int(11) NOT NULL,
  `first_name` varchar(128) NOT NULL,
  `middle_name` varchar(128) DEFAULT NULL,
  `surname` varchar(128) NOT NULL,
  `phone` varchar(16) NOT NULL,
  `email` varchar(128) NOT NULL,
  `photo` varchar(512) DEFAULT NULL,
  `default_system_route_id` int(11) DEFAULT NULL,
  `has_default_password` int(11) DEFAULT NULL,
  `last_login` datetime DEFAULT NULL,
  `is_active` int(11) NOT NULL DEFAULT '1',
  `created_at` datetime DEFAULT NULL,
  `created_by` int(11) DEFAULT NULL,
  `updated_at` datetime DEFAULT NULL,
  `updated_by` int(11) DEFAULT NULL,
  PRIMARY KEY (`id`),
  UNIQUE KEY `username` (`username`)
) ENGINE=InnoDB AUTO_INCREMENT=16 DEFAULT CHARSET=latin1;
/*!40101 SET character_set_client = @saved_cs_client */;

--
-- Dumping data for table `user`
--

LOCK TABLES `user` WRITE;
/*!40000 ALTER TABLE `user` DISABLE KEYS */;
INSERT INTO `user` VALUES (7,'admin','$2y$13$Y4a73WSjPut54aEp39Bpj.hIs6YcsgikkKi7.rPT4dWUM4P6QcCcq','GUn3CZ7lK2Hj4pMFiFnLH6SPEC8az8A6','P4ysHj_oMr35yYf4LZ80Dw-sTT9ikUjo',1,'admin','','admin','+255765909090','admin@info.com','uploads/user-photo/download.jpeg',162,0,'2020-04-11 15:42:45',1,NULL,NULL,'2020-04-11 18:36:54',7),(8,'user8@info.com','$2y$13$ADgkXDQls69k8UdSJEAXo.w4BDuFARsyTlI3YBAI6AT3ut39dWVlG','N3IHMYflGZdPiR0v4J_LdaGiYzji9c6C','ofkF55GEqgwl84mqSf6QcjW9bacWmEGs',5,'Susan','','Serwadda','0712343434','user8@info.com','uploads/default/default_photo.png',162,0,'2020-03-29 16:58:55',1,'2020-02-09 10:46:30',7,'2020-03-29 20:00:49',8),(9,'user9@info.com','$2y$13$26UfVqCtp4DkWOrXCvbzyOa/2PY3mEeCaScA//ARKDEgUOqYf.6tK','9-YbvEmxTZEIMFzsKbtho8lh47hAewcN','ET_To1Q11mZbOtfv5_lGUw15PduFqHPS',1,'Andrew','John','Michael','071999995','user9@info.com','uploads/default/default_photo.png',150,NULL,'2020-03-28 09:55:07',1,'2020-02-14 16:07:13',7,'2020-03-29 23:15:59',7),(10,'user10@info.com','$2y$13$we/8XkTFlfa5AE03URojL.f4z8HRnSUl0UXkbTsNfBAchjTp5cpau','SHtRHd5-MtN1yGIVx_mUiytlnpG4vtUM','WXj63Fl5xLnQxrOaDYTE7-sz3_vGZf4v',1,'Mathew','','Bwire','0715989887','user10@info.com','uploads/default/default_photo.png',NULL,NULL,NULL,1,'2020-02-15 15:00:26',7,'2020-03-26 17:30:51',7),(11,'user11@info.com','$2y$13$30YCODwU6jT2d/UKn/yZ8OgJ32tF9SOSc799xedPA7nA4ZovfyGNa','QOOZ6EFxVF5XfLqXqCofegDoOP2kLULD','7pz2QD_dLvZgrQb4uF985xMbDOgWNnjU',1,'Victor ','','Mataba','0719999999','user11@info.com','uploads/default/default_photo.png',NULL,NULL,NULL,1,'2020-02-15 21:21:18',7,NULL,NULL),(12,'user12@info.com','$2y$13$tE8azy3r9nhf3R1CiEZhJ.a/RW2h/dlFXAMl3EvPQnDBnPMJuIfyK','zQAjOpCxjo_8ZR3pvjf0_TIUwk1hs38g','-zNUK31AQ7ty6DyKEmwVuo7aFCDO5t8B',5,'Claire','','Mukobi','0715989897','user12@info.com','uploads/default/default_photo.png',NULL,NULL,NULL,1,'2020-02-15 21:29:22',7,'2020-02-15 21:29:45',7),(13,'user13@info.com','$2y$13$gHsndH7GWQ1pjg5DibneyeGyLwnRi9iUxMNqEXz4RpRZbojywbVFm','gZIonSHPMP5Xl5U2XRg6IaD7qwS0BhRz','6ob5gthccpJ_RgxcAYLZSZRfmo5eV4mA',1,'Florence','','Alonyo','0719999912','user13@info.com','uploads/default/default_photo.png',162,NULL,NULL,1,'2020-03-07 13:22:10',7,'2020-03-27 10:22:09',7),(14,'user14@info.com','$2y$13$F3j38BxoOSFVh1Wy6W65fO.uR5SIUlEY6sKjlxKGfSYlQkqCFl5HC','fSljHnDRRZiU9uoF2Aul9Rl8AY75jP-s','clg0m_yU_HXf9ZpQCYO1W_jTUn_BWZsX',1,'Emmanuel','Natalis','Mataba','0755224493','user14@info.com','uploads/default/default_photo.png',162,NULL,'2020-04-03 09:05:07',1,'2020-03-24 15:48:03',7,'2020-04-03 12:07:07',7),(15,'user15@info.com','$2y$13$oyMYA.STw1wUJESBqQm3QuAx7qRsroB9bR/UeTVggV1t9O3bkrLJO','TbbdTNEwku0o2eaZTZm7T2IR0yK0Ksh6','oIxcZXaL8hs1Lm3doxO_dQRfLCadB1ab',7,'Frank','Natalis','Masami','0715989899','user15@info.com','uploads/default/default_photo.png',162,NULL,'2020-03-27 12:07:56',1,'2020-03-27 13:31:52',7,'2020-03-27 15:07:41',7);
/*!40000 ALTER TABLE `user` ENABLE KEYS */;
UNLOCK TABLES;

--
-- Table structure for table `user_group`
--

DROP TABLE IF EXISTS `user_group`;
/*!40101 SET @saved_cs_client     = @@character_set_client */;
/*!40101 SET character_set_client = utf8 */;
CREATE TABLE `user_group` (
  `id` int(11) NOT NULL AUTO_INCREMENT,
  `code` varchar(128) NOT NULL,
  `name` varchar(50) NOT NULL,
  `description` varchar(512) DEFAULT NULL,
  `is_active` int(11) NOT NULL DEFAULT '1',
  `created_at` timestamp NULL DEFAULT NULL,
  `created_by` int(11) NOT NULL,
  `updated_at` timestamp NULL DEFAULT NULL,
  `updated_by` int(11) DEFAULT NULL,
  PRIMARY KEY (`id`),
  UNIQUE KEY `code` (`code`)
) ENGINE=InnoDB AUTO_INCREMENT=10 DEFAULT CHARSET=latin1;
/*!40101 SET character_set_client = @saved_cs_client */;

--
-- Dumping data for table `user_group`
--

LOCK TABLES `user_group` WRITE;
/*!40000 ALTER TABLE `user_group` DISABLE KEYS */;
INSERT INTO `user_group` VALUES (1,'GP_0001','Super Administrator','Super System Administrator Group',1,'2020-02-01 13:19:12',1,NULL,NULL),(2,'GP_0002','Adminstrator','System Administrator Group',1,'2020-02-01 13:22:19',1,'2020-03-27 13:05:21',7),(3,'GP_0003','Employee','All Employees must be placed in this group',1,'2020-02-09 10:47:38',7,NULL,NULL),(4,'GP_0004','Test Group','This is a test group...',1,'2020-03-27 08:00:52',7,'2020-03-27 08:09:20',7),(5,'GP_0005','Copy of Employee','Copy of Employee group description',1,'2020-03-27 08:05:19',7,NULL,NULL),(6,'GP_0006','Copy of Test Group','Copy of Test Group group description',1,'2020-03-27 08:09:37',7,NULL,NULL),(7,'GP_0007','Copy of Copy of Test Group','Copy of Copy of Test Group group description',1,'2020-03-27 08:12:58',7,NULL,NULL),(8,'GP_0008','Managing Director Only','Managing Director Only',1,'2020-03-28 19:30:23',7,'2020-03-28 19:32:47',7),(9,'GP_0009','Copy of Adminstrator','Copy of Adminstrator group description',1,'2020-03-28 20:28:47',7,NULL,NULL);
/*!40000 ALTER TABLE `user_group` ENABLE KEYS */;
UNLOCK TABLES;
/*!40103 SET TIME_ZONE=@OLD_TIME_ZONE */;

/*!40101 SET SQL_MODE=@OLD_SQL_MODE */;
/*!40014 SET FOREIGN_KEY_CHECKS=@OLD_FOREIGN_KEY_CHECKS */;
/*!40014 SET UNIQUE_CHECKS=@OLD_UNIQUE_CHECKS */;
/*!40101 SET CHARACTER_SET_CLIENT=@OLD_CHARACTER_SET_CLIENT */;
/*!40101 SET CHARACTER_SET_RESULTS=@OLD_CHARACTER_SET_RESULTS */;
/*!40101 SET COLLATION_CONNECTION=@OLD_COLLATION_CONNECTION */;
/*!40111 SET SQL_NOTES=@OLD_SQL_NOTES */;

-- Dump completed on 2020-04-11 18:44:06
